#,Title,Category,Language,Type,URL,Video / Playlist ID,Watched?,Rating,Notes
1,The Great Porn Experiment | Gary Wilson | TEDxGlasgow,TED / TEDx,English,Video,https://www.youtube.com/watch?v=wSF82AwSDiU,wSF82AwSDiU,,,
2,Pornography Isn't Your Problem | Jason Mahr | TEDxCincinnati,TED / TEDx,English,Video,https://www.youtube.com/watch?v=vIgWMzdgweI,vIgWMzdgweI,,,
3,Why I stopped watching porn | Ran Gavrieli | TEDxJaffa,TED / TEDx,English,Video,https://www.youtube.com/watch?v=gRJ_QfP2mhU,gRJ_QfP2mhU,,,
4,Changing the narrative around the addiction story | Cameron Staley | TEDxIdahoStateUniversity,TED / TEDx,English,Video,https://www.youtube.com/watch?v=mNGg5SMcyhI,mNGg5SMcyhI,,,
5,Escaping Porn Addiction | Eli Nash | TEDxFortWayne,TED / TEDx,English,Video,https://www.youtube.com/watch?v=dbYWKVAeu6Y,dbYWKVAeu6Y,,,
6,Let's Talk Porn | Maria Ahlin | TEDxGoteborg,TED / TEDx,English,Video,https://www.youtube.com/watch?v=DBTb71UzPmY,DBTb71UzPmY,,,
7,Why we need to talk about porn | Jo Robertson | TEDxChristchurch,TED / TEDx,English,Video,https://www.youtube.com/watch?v=TCY2dOf2eMs,TCY2dOf2eMs,,,
8,Healing Addictive Behaviors: My Porn Story | David Norwell | TEDxSurrey,TED / TEDx,English,Video,https://www.youtube.com/watch?v=HcbUgEB5A98,HcbUgEB5A98,,,
9,How porn is destroying young men | Gary Wilson (Key Points Talk),TED / TEDx,English,Video,https://www.youtube.com/watch?v=3adhnLRoxig,3adhnLRoxig,,,
10,"Rethinking Porn: Why Shame, Not Sex, Is the Problem | Paulita Pappel | TEDxMunchen",TED / TEDx,English,Video,https://www.youtube.com/watch?v=1mrUIt8CDfI,1mrUIt8CDfI,,,
11,Porn The New Tobacco | Jack Fischer | TEDxBinghamtonUniversity,TED / TEDx,English,Video,https://www.youtube.com/watch?v=M9pPgIraoOM,M9pPgIraoOM,,,
12,6 Dangerous Stages of Porn Addiction,General / Overview,English,Video,https://www.youtube.com/watch?v=w_eG8ulIYug,w_eG8ulIYug,,,
13,How to Overcome Porn Addiction,General / Overview,English,Video,https://www.youtube.com/watch?v=8Gqb2vhQmxI,8Gqb2vhQmxI,,,
14,Pornography Addiction and Treatment Strategies,General / Overview,English,Playlist,https://www.youtube.com/playlist?list=PLcB3trehXswg3yz_CGjlkGGDM3FDFb2OZ,PLcB3trehXswg3yz_CGjlkGGDM3FDFb2OZ,,,
15,Breaking the Cycle of Pornography (Porn) Addiction,General / Overview,English,Video,https://www.youtube.com/watch?v=F0w_7_96CJc,F0w_7_96CJc,,,
16,Urologist Explains how to break the cycle of porn addiction,General / Overview,English,Video,https://www.youtube.com/watch?v=E0AZMtVTIjk,E0AZMtVTIjk,,,
17,THIS VIDEO WILL END YOUR PORN ADDICTION (Breaking Free From Addiction),General / Overview,English,Video,https://www.youtube.com/watch?v=r6x7BBXyUJc,r6x7BBXyUJc,,,
18,How to Stop Porn Addiction (Never Relapse Again),General / Overview,English,Video,https://www.youtube.com/watch?v=s4tJmFL20Us,s4tJmFL20Us,,,
19,Am I Addicted to Porn? What is Porn Addiction?,General / Overview,English,Video,https://www.youtube.com/watch?v=3WOT4NWEFdU,3WOT4NWEFdU,,,
20,Quit Porn & Rewire Your Brain In ONLY 16 Weeks | NoFap Reboot,NoFap / Reboot,English,Video,https://www.youtube.com/watch?v=KiGRlQocxow,KiGRlQocxow,,,
21,The 2 STEP PROCESS To Quit Porn & Reboot Your Brain | NOFAP SUCCESS,NoFap / Reboot,English,Video,https://www.youtube.com/watch?v=16-UQy3K5rE,16-UQy3K5rE,,,
22,CHANGE YOUR BELIEFS To Quit Porn & Reboot Your Brain | NOFAP SUCCESS,NoFap / Reboot,English,Video,https://www.youtube.com/watch?v=UU5YVFCoyI8,UU5YVFCoyI8,,,
23,7 Things You Can Do To SPEED UP NoFap Recovery | NoFap Reboot Faster,NoFap / Reboot,English,Video,https://www.youtube.com/watch?v=F6XFssY_bvc,F6XFssY_bvc,,,
24,How much does a relapse set back your porn reboot?,NoFap / Reboot,English,Video,https://www.youtube.com/watch?v=H2f3oaJfkLk,H2f3oaJfkLk,,,
25,Porn Reboot NoFap Flatline: How to Make NoFap Better with Dr. Trish Leigh,NoFap / Reboot,English,Video,https://www.youtube.com/watch?v=w7gyTwfO9QU,w7gyTwfO9QU,,,
26,How To SPEED UP Your Porn Reboot With ONE DAILY HABIT,NoFap / Reboot,English,Video,https://www.youtube.com/watch?v=mv9lDQdI08Q,mv9lDQdI08Q,,,
27,3 Tips To RECOVER From A PMO RELAPSE | NoFap FAILED Again,NoFap / Reboot,English,Video,https://www.youtube.com/watch?v=giasef0M1Bk,giasef0M1Bk,,,
28,How long will it take to reboot my brain from porn?,NoFap / Reboot,English,Video,https://www.youtube.com/watch?v=ODx7aYIDIm8,ODx7aYIDIm8,,,
29,What Can Happen If You DON'T QUIT PORN & REBOOT YOUR BRAIN (NOFAP FAIL),NoFap / Reboot,English,Video,https://www.youtube.com/watch?v=s44HF3dKSx0,s44HF3dKSx0,,,
30,NoFap's Alexander Rhodes explains how porn addiction is impacting a generation,NoFap / Reboot,English,Video,https://www.youtube.com/watch?v=eot_61u43Gc,eot_61u43Gc,,,
31,Your Brain Rebalanced Radio S02E05: Alex Rhodes (NoFap founder) and Mark Queppet,NoFap / Reboot,English,Video,https://www.youtube.com/watch?v=AGHex1jgshs,AGHex1jgshs,,,
32,Alexander Rhodes (playlist),NoFap / Reboot,English,Playlist,https://www.youtube.com/playlist?list=PL7aTMa-qEZRLr7HliULP8J_Ek2gM-i_AM,PL7aTMa-qEZRLr7HliULP8J_Ek2gM-i_AM,,,
33,Porn Addiction Coach - Noah Church,NoFap / Reboot,English,Video,https://www.youtube.com/watch?v=MmuDe_Og37g,MmuDe_Og37g,,,
34,How & Why To Stop Watching Porn with Noah B.E. Church,NoFap / Reboot,English,Video,https://www.youtube.com/watch?v=EMmcuHbWFWg,EMmcuHbWFWg,,,
35,"Noah B.E. Church Interview, Author of 'Wack: Addicted to Internet Porn'",NoFap / Reboot,English,Video,https://www.youtube.com/watch?v=wcgJeI7BQcg,wcgJeI7BQcg,,,
36,Noah B.E. Church (channel),NoFap / Reboot,English,Channel,https://www.youtube.com/@noahb.e.church,@noahb.e.church,,,
37,How Porn Hooks Your Brain - The Addiction Loop Explained,Neuroscience,English,Short,https://www.youtube.com/shorts/F_tNVNPpPkU,F_tNVNPpPkU,,,
38,Part 4: Dopamine: The Molecule of Addiction | Your Brain on Porn | Animated Series,Neuroscience,English,Video,https://www.youtube.com/watch?v=bdiMFQk_aW8,bdiMFQk_aW8,,,
39,"#033 - Porn Addiction: Dopamine, Disgust, and Erectile Dysfunction (Gary Wilson)",Neuroscience,English,Video,https://www.youtube.com/watch?v=EVFrMoN9pik,EVFrMoN9pik,,,
40,"How Porn Addiction Rewires Your Brain and Destroys Intimacy, Doctor Explains",Neuroscience,English,Video,https://www.youtube.com/watch?v=vziyvvWW4eA,vziyvvWW4eA,,,
41,Porn Addiction Is Not About Sex - Neuroscience Explained,Neuroscience,English,Video,https://www.youtube.com/watch?v=owvcbahb1IE,owvcbahb1IE,,,
42,Why Porn Is Addictive: Dopamine And Brain Chemistry Explained,Neuroscience,English,Video,https://www.youtube.com/watch?v=1n7LQt8wTKs,1n7LQt8wTKs,,,
43,Part 1-5: Your Brain on Porn | Animated Series (full),Your Brain on Porn (Gary Wilson),English,Video,https://www.youtube.com/watch?v=i6gk4lW1hPo,i6gk4lW1hPo,,,
44,Part 1: Introduction | Your Brain on Porn | Animated Series,Your Brain on Porn (Gary Wilson),English,Video,https://www.youtube.com/watch?v=e2mhQf8RjQs,e2mhQf8RjQs,,,
45,Part 2: The Coolidge Effect | Your Brain on Porn | Animated Series,Your Brain on Porn (Gary Wilson),English,Video,https://www.youtube.com/watch?v=EQuppzt1yEc,EQuppzt1yEc,,,
46,Part 3: The Reward Circuit | Your Brain on Porn | Animated Series,Your Brain on Porn (Gary Wilson),English,Video,https://www.youtube.com/watch?v=uSEo2miwnZQ,uSEo2miwnZQ,,,
47,Part 5: Pornography Addiction Test | Your Brain on Porn | Animated Series,Your Brain on Porn (Gary Wilson),English,Video,https://www.youtube.com/watch?v=26_BGVm2M0k,26_BGVm2M0k,,,
48,Your Brain On Porn (Animated Summary) | Gary Wilson,Your Brain on Porn (Gary Wilson),English,Video,https://www.youtube.com/watch?v=mDwE8jYnw2M,mDwE8jYnw2M,,,
49,Your Brain on Porn by Gary Wilson - Book Summary,Your Brain on Porn (Gary Wilson),English,Video,https://www.youtube.com/watch?v=yZK6eZCYH1Y,yZK6eZCYH1Y,,,
50,Remembering Gary Wilson of Your Brain On Porn: My Friend & Hero,Your Brain on Porn (Gary Wilson),English,Video,https://www.youtube.com/watch?v=kXaqKRbKfog,kXaqKRbKfog,,,
51,Part 3: The Reward Circuit | Your Brain on Porn in Urdu | Animated Series,Your Brain on Porn (Gary Wilson),Urdu,Video,https://www.youtube.com/watch?v=AHEhXjEvU3A,AHEhXjEvU3A,,,
52,Gary Wilson | Your Brain On Porn (Episode 158),Your Brain on Porn (Gary Wilson),English,Video,https://www.youtube.com/watch?v=xL2gHbpPMtg,xL2gHbpPMtg,,,
53,Porn Addiction Is Misunderstood: How To Actually Stop - Dr. K Healthy Gamer,Dr. K / HealthyGamerGG,English,Video,https://www.youtube.com/watch?v=y1CkUhfHSxQ,y1CkUhfHSxQ,,,
54,Helping Viewers with Porn Addiction,Dr. K / HealthyGamerGG,English,Video,https://www.youtube.com/watch?v=e1ndqAkiQZo,e1ndqAkiQZo,,,
55,Why Pornography Addiction is MISUNDERSTOOD (It's NOT What You Think) With Dr K,Dr. K / HealthyGamerGG,English,Video,https://www.youtube.com/watch?v=jWIWFB3Ber8,jWIWFB3Ber8,,,
56,The Neuroscience Of Porn Addiction: How To Actually Stop - Dr. K Healthy Gamer,Dr. K / HealthyGamerGG,English,Video,https://www.youtube.com/watch?v=jR1IDcdC2DM,jR1IDcdC2DM,,,
57,Dr. K Healthy Gamer Talks About Porn Addiction,Dr. K / HealthyGamerGG,English,Video,https://www.youtube.com/watch?v=qlQx-Dk7Q3E,qlQx-Dk7Q3E,,,
58,Sexuality and Porn | Healthy Gamer (playlist),Dr. K / HealthyGamerGG,English,Playlist,https://www.youtube.com/playlist?list=PLYxtGyYUCbEEcbuWAXjOsqp8iB0Lf3K8_,PLYxtGyYUCbEEcbuWAXjOsqp8iB0Lf3K8_,,,
59,How your diet combats p**n addiction,Dr. K / HealthyGamerGG,English,Video,https://www.youtube.com/watch?v=Jq74p0Z2o5A,Jq74p0Z2o5A,,,
60,Biggest Predictor Of P*rn Addiction | Dr K Healthy Gamer,Dr. K / HealthyGamerGG,English,Video,https://www.youtube.com/watch?v=pjbDuKwj1wA,pjbDuKwj1wA,,,
61,The Science Of Screen Addiction & How To Stop - Dr K Healthy Gamer,Dr. K / HealthyGamerGG,English,Video,https://www.youtube.com/watch?v=HYiG2m8fSiE,HYiG2m8fSiE,,,
62,The Porn Addiction Crisis No One Wants to Talk About - Dr. K,Dr. K / HealthyGamerGG,English,Video,https://www.youtube.com/watch?v=dm2qDrb3UVo,dm2qDrb3UVo,,,
63,Can Pornography Cause Erectile Dysfunction? | Top Tips to Naturally Reverse ED,Porn-Induced ED (PIED),English,Video,https://www.youtube.com/watch?v=QKMbNHddceA,QKMbNHddceA,,,
64,Porn-Induced Erectile Dysfunction Is Real - Joe Rogan Was Right About NoFap,Porn-Induced ED (PIED),English,Video,https://www.youtube.com/watch?v=jBy7JzIf4TY,jBy7JzIf4TY,,,
65,Day 13: Porn-Induced Erectile Dysfunction: How to Heal It w/ Dr. Trish Leigh,Porn-Induced ED (PIED),English,Video,https://www.youtube.com/watch?v=IbqL6BzZ4rg,IbqL6BzZ4rg,,,
66,The Truth Of Porn Induced ED (PIED) - Dr. Trish Leigh,Porn-Induced ED (PIED),English,Video,https://www.youtube.com/watch?v=YDM9I5yn4ZE,YDM9I5yn4ZE,,,
67,Can Watching Porn Cause Erectile Dysfunction? - Doctor Explains,Porn-Induced ED (PIED),English,Video,https://www.youtube.com/watch?v=aqbauFKg-SI,aqbauFKg-SI,,,
68,Porn Induced Erectile Dysfunction - Dr. Kelkar (MD) Psychiatrist,Porn-Induced ED (PIED),English,Video,https://www.youtube.com/watch?v=kbdy7RKZBSo,kbdy7RKZBSo,,,
69,The Truth About Porn-Induced Erectile Dysfunction (From a Sex Therapist),Porn-Induced ED (PIED),English,Video,https://www.youtube.com/watch?v=eUFfugscMOU,eUFfugscMOU,,,
70,How To Overcome Porn Induced Erectile Dysfunction,Porn-Induced ED (PIED),English,Video,https://www.youtube.com/watch?v=qaB9k7-0NgQ,qaB9k7-0NgQ,,,
71,Is Porn The Reason For Your Erectile Dysfunction? The Science Explained,Porn-Induced ED (PIED),English,Video,https://www.youtube.com/watch?v=QV8e43LV7fc,QV8e43LV7fc,,,
72,Porn Induced Erectile Dysfunction - New Age of Tech,Porn-Induced ED (PIED),English,Video,https://www.youtube.com/watch?v=UbzoFAiyWNs,UbzoFAiyWNs,,,
73,Coach Noah Church on How to Recover from Porn-Induced ED,Porn-Induced ED (PIED),English,Video,https://www.youtube.com/watch?v=HlpYNYRBLw4,HlpYNYRBLw4,,,
74,How to CURE a porn addiction? - Doctor Explains,Clinical / Therapy,English,Video,https://www.youtube.com/watch?v=RgKhA2qDdBg,RgKhA2qDdBg,,,
75,Porn Addiction Therapy Treatment And Recovery,Clinical / Therapy,English,Video,https://www.youtube.com/watch?v=nkRNxS0dr9g,nkRNxS0dr9g,,,
76,Pornography Addiction Recovery: The Basics,Clinical / Therapy,English,Video,https://www.youtube.com/watch?v=TR6b8t5veo4,TR6b8t5veo4,,,
77,TREATING PORNOGRAPHY ADDICTION,Clinical / Therapy,English,Video,https://www.youtube.com/watch?v=avrC8mifXug,avrC8mifXug,,,
78,Pornography Addiction EXPERT Shares Top Relapse Prevention Strategies,Clinical / Therapy,English,Video,https://www.youtube.com/watch?v=HZOcI8zxVKs,HZOcI8zxVKs,,,
79,Break the Cycle of Pornography Addiction | Ryan Soave & Dr. Andrew Huberman,Clinical / Therapy,English,Video,https://www.youtube.com/watch?v=wvCTiY4clyM,wvCTiY4clyM,,,
80,What Porn Addiction Recovery Actually Looks Like,Clinical / Therapy,English,Video,https://www.youtube.com/watch?v=Uv_0ntbirEw,Uv_0ntbirEw,,,
81,Therapist Reveals the Relationship Between Adult Entertainment and Addiction,Clinical / Therapy,English,Short,https://www.youtube.com/shorts/IAJa22JFeWM,IAJa22JFeWM,,,
82,Porn Addiction: Treatment Without Shame (Clip),Clinical / Therapy,English,Video,https://www.youtube.com/watch?v=RKNXejsZmtM,RKNXejsZmtM,,,
83,Compulsive Sexual Behavior Disorder ICD-11,Clinical / Therapy,English,Video,https://www.youtube.com/watch?v=4mvK8dXpW24,4mvK8dXpW24,,,
84,Dr. Stephanie Carnes discusses Compulsive Sexual Behavior Disorder,Clinical / Therapy,English,Video,https://www.youtube.com/watch?v=UvdUaIC8NH0,UvdUaIC8NH0,,,
85,Celebrate Recovery Testimony: Blair Shares Her Story of Overcoming Pornography Addiction,Personal Testimony,English,Video,https://www.youtube.com/watch?v=6_3-jqkZkkw,6_3-jqkZkkw,,,
86,Scott's Story: Overcoming a 25-year Porn Addiction (Part 1),Personal Testimony,English,Video,https://www.youtube.com/watch?v=BuGTlykrzu4,BuGTlykrzu4,,,
87,"Celebrate Recovery Testimony: Mason shares his victory over alcohol, drugs, and porn",Personal Testimony,English,Video,https://www.youtube.com/watch?v=Wle79tOhX0E,Wle79tOhX0E,,,
88,Sex Addiction Recovery Success Story (Counseling Intensive Testimony),Personal Testimony,English,Video,https://www.youtube.com/watch?v=k1DbmZsSo0U,k1DbmZsSo0U,,,
89,"I Couldn't Break My Porn Addiction, UNTIL I Did This...",Personal Testimony,English,Video,https://www.youtube.com/watch?v=YKwqtnAb_F4,YKwqtnAb_F4,,,
90,Overcoming Pornography Addiction | Carter's Story,Personal Testimony,English,Video,https://www.youtube.com/watch?v=0Tm4gjLBxAc,0Tm4gjLBxAc,,,
91,Delivered From 40 Years of Pornography Addiction | Testimony,Personal Testimony,English,Video,https://www.youtube.com/watch?v=lxBvRpou6Vo,lxBvRpou6Vo,,,
92,I WAS ADDICTED TO P0RN FOR 10 YEARS | MY STORY OF HOW I OVERCAME ADDICTION,Personal Testimony,English,Video,https://www.youtube.com/watch?v=OGLzufmqXEc,OGLzufmqXEc,,,
93,7 Years Trapped in Porn Addiction & Shame - My Testimony,Personal Testimony,English,Video,https://www.youtube.com/watch?v=ty-VKqvM_1A,ty-VKqvM_1A,,,
94,How God SAVED Me From My P*rn Addiction (MY TESTIMONY),Personal Testimony,English,Video,https://www.youtube.com/watch?v=dwFpVHZWxDg,dwFpVHZWxDg,,,
95,My Personal Journey Escaping Porn Addiction: Eli Nash | THAT'S AN ISSUE podcast Ep 11,Personal Testimony,English,Video,https://www.youtube.com/watch?v=-mBN18201h4,-mBN18201h4,,,
96,The Truth About Pornography | Dr. Jordan Peterson & Dr. Andrew Huberman,Andrew Huberman,English,Video,https://www.youtube.com/watch?v=lJlX37bnPnE,lJlX37bnPnE,,,
97,"If You Take A Break From Watching Porn, This Happens - Andrew Huberman",Andrew Huberman,English,Video,https://www.youtube.com/watch?v=9qJHRvHU8IM,9qJHRvHU8IM,,,
98,'Pornography is a Great Way to NOT Seek Women Out for Sex' REACTION,Andrew Huberman,English,Video,https://www.youtube.com/watch?v=BEVG_0GHhFQ,BEVG_0GHhFQ,,,
99,The Truth About Pornography | Dr. Jordan Peterson + Dr. Andrew Huberman (alt cut),Andrew Huberman,English,Video,https://www.youtube.com/watch?v=SVaUzx1wOh8,SVaUzx1wOh8,,,
100,Andrew Huberman: Explains What 30 Days Without Porn Does,Andrew Huberman,English,Video,https://www.youtube.com/watch?v=u6TVPwxHSIk,u6TVPwxHSIk,,,
101,The Science Behind P*rn Addiction is Scary,Andrew Huberman,English,Video,https://www.youtube.com/watch?v=H4gUzdhnFv8,H4gUzdhnFv8,,,
102,The Dangers of Porn Addiction ft. Andrew Huberman,Andrew Huberman,English,Video,https://www.youtube.com/watch?v=X7RMGUl_zSc,X7RMGUl_zSc,,,
103,PORN: The Digital Cocaine (w/ Jordan Peterson & Andrew Huberman),Andrew Huberman,English,Video,https://www.youtube.com/watch?v=4z_P5wR1JuM,4z_P5wR1JuM,,,
104,"How to Quit Video Game, Pornography & Social Media Addiction | Dr. Andrew Huberman",Andrew Huberman,English,Video,https://www.youtube.com/watch?v=XXYNvwrVKdE,XXYNvwrVKdE,,,
105,Why 90 Days of Being Porn Free? | NEUROSCIENTIST Andrew Huberman,Andrew Huberman,English,Video,https://www.youtube.com/watch?v=c7VCzQ9gt4o,c7VCzQ9gt4o,,,
106,How You Got Addicted to P*rn,Jordan Peterson,English,Video,https://www.youtube.com/watch?v=H-ep8lFdZbA,H-ep8lFdZbA,,,
107,99% Effective way to Stop Watching Porn | Jordan Peterson,Jordan Peterson,English,Video,https://www.youtube.com/watch?v=lPMtDDFWZsE,lPMtDDFWZsE,,,
108,Jordan Peterson Explains What To Do With Your Porn Addiction,Jordan Peterson,English,Video,https://www.youtube.com/watch?v=6vOECW-k_4A,6vOECW-k_4A,,,
109,Jordan Peterson On Porn Addiction,Jordan Peterson,English,Video,https://www.youtube.com/watch?v=9hLnhfLqj-k,9hLnhfLqj-k,,,
110,Masturbation to Porn Is An Addiction | Jordan Peterson,Jordan Peterson,English,Short,https://www.youtube.com/shorts/Q6PvfMqA50I,Q6PvfMqA50I,,,
111,Inside the mind of a P*rn addict | Jordan Peterson,Jordan Peterson,English,Video,https://www.youtube.com/watch?v=ZsuChK6824Y,ZsuChK6824Y,,,
112,Jordan Peterson Discussing Porn Addiction,Jordan Peterson,English,Video,https://www.youtube.com/watch?v=IS4cq8ABG6Q,IS4cq8ABG6Q,,,
113,Dr. Peterson on How Porn Is Destroying Young Men,Jordan Peterson,English,Video,https://www.youtube.com/watch?v=8UYH4We6_Rw,8UYH4We6_Rw,,,
114,Dr. Jordan Peterson Explains The Dangerous Effects of Porn,Jordan Peterson,English,Video,https://www.youtube.com/watch?v=FbBAHE76YaQ,FbBAHE76YaQ,,,
115,OVERCOME PORN ADDICTION | Jordan B Peterson Motivational Speech,Jordan Peterson,English,Video,https://www.youtube.com/watch?v=Ijy4YntYcD4,Ijy4YntYcD4,,,
116,How To Stop Watching Porn The Simple Way - Jordan Peterson Motivation,Jordan Peterson,English,Video,https://www.youtube.com/watch?v=REjKAmFg8MU,REjKAmFg8MU,,,
117,Overcoming Pornography Addiction: The Healing Power of Jesus Christ,Faith - Christian,English,Video,https://www.youtube.com/watch?v=iXXQpTgSSD8,iXXQpTgSSD8,,,
118,"How To Stop Pornography, Sexual Sin & Masturbation | Apostle Joshua Selman",Faith - Christian,English,Video,https://www.youtube.com/watch?v=m6WuLKsaBa8,m6WuLKsaBa8,,,
119,How I Quit My Porn Addiction For Good - A Christian Perspective,Faith - Christian,English,Video,https://www.youtube.com/watch?v=eMA0rX_5sOg,eMA0rX_5sOg,,,
120,How to Overcome Your Addictions | Tony Evans Sermon,Faith - Christian,English,Video,https://www.youtube.com/watch?v=x7wB9Azs-hk,x7wB9Azs-hk,,,
121,A PRAYER TO OVERCOME PORNOGRAPHY ADDICTION,Faith - Christian,English,Video,https://www.youtube.com/watch?v=AAz7NLHfrfQ,AAz7NLHfrfQ,,,
122,HOW JESUS BROKE MY PORNOGRAPHY ADDICTION,Faith - Christian,English,Video,https://www.youtube.com/watch?v=WuD1F2iKNa0,WuD1F2iKNa0,,,
123,How to Stop Watching Porn in 2025 (3 Biblical Steps),Faith - Christian,English,Video,https://www.youtube.com/watch?v=vupXkFoSowM,vupXkFoSowM,,,
124,Quit Porn Addiction By Thinking Differently - A Christian Perspective,Faith - Christian,English,Video,https://www.youtube.com/watch?v=-Nd9ZblP2j4,-Nd9ZblP2j4,,,
125,The Biblical Way to Rewire Your Brain Away From Porn,Faith - Christian,English,Video,https://www.youtube.com/watch?v=xobB9gLNsik,xobB9gLNsik,,,
126,"You've Painfully Tried To Stop Masturbation & Pornography, Do This Now! | Apostle Joshua Selman",Faith - Christian,English,Video,https://www.youtube.com/watch?v=kFK7uMPhz9M,kFK7uMPhz9M,,,
127,Matt Fradd interview on combatting addiction,Faith - Catholic,English,Video,https://www.youtube.com/watch?v=hqAYSMBByjg,hqAYSMBByjg,,,
128,Overcoming Pornography Addiction (Matt Fradd),Faith - Catholic,English,Video,https://www.youtube.com/watch?v=E9RzJGuUdOE,E9RzJGuUdOE,,,
129,Matt Fradd - Battle Plan for Ministering to a Porn-Addicted Culture,Faith - Catholic,English,Video,https://www.youtube.com/watch?v=jE2clKsQtrM,jE2clKsQtrM,,,
130,What to do when a spouse is addicted to pornography,Faith - Catholic,English,Video,https://www.youtube.com/watch?v=AeMjPgyFPSw,AeMjPgyFPSw,,,
131,Here's the REAL Problem with Pornography (w/ Matt Fradd),Faith - Catholic,English,Video,https://www.youtube.com/watch?v=ucQ80i76GHI,ucQ80i76GHI,,,
132,Catholic Answers Presents 'Taking Down Goliath',Faith - Catholic,English,Video,https://www.youtube.com/watch?v=aCw4qQsewUU,aCw4qQsewUU,,,
133,Busting Porn Myths & How to Break a Pornography Addiction - Matt Fradd | American Thought Leaders,Faith - Catholic,English,Video,https://www.youtube.com/watch?v=3uhdFdcXHXg,3uhdFdcXHXg,,,
134,Supporting a Recovering Porn User,Faith - Catholic,English,Video,https://www.youtube.com/watch?v=gmPjT2CYAj4,gmPjT2CYAj4,,,
135,Is porn addiction a myth? (with Matt Fradd),Faith - Catholic,English,Video,https://www.youtube.com/watch?v=2I7GP7SKdz4,2I7GP7SKdz4,,,
136,Helping Women Heal From Porn Addiction | EWTN News In Depth,Faith - Catholic,English,Video,https://www.youtube.com/watch?v=4SEKRPE15bY,4SEKRPE15bY,,,
137,LDS Addiction Recovery For Porn Addiction,Faith - LDS,English,Video,https://www.youtube.com/watch?v=Ha-jCnmV1uw,Ha-jCnmV1uw,,,
138,Surviving LDS Church 12-Step Pornography 'Addiction' Program,Faith - LDS,English,Video,https://www.youtube.com/watch?v=JAo_S7k0lKk,JAo_S7k0lKk,,,
139,#1348: Surviving the LDS Church's 12-Step Pornography 'Addiction' Program with MasterPeace,Faith - LDS,English,Video,https://www.youtube.com/watch?v=FTvQvBtZtDw,FTvQvBtZtDw,,,
140,Healing From Pornography Addiction | 3 Mormons,Faith - LDS,English,Video,https://www.youtube.com/watch?v=p8mwP0d4jBc,p8mwP0d4jBc,,,
141,Mormon 12-Step Addiction Recovery Program (playlist),Faith - LDS,English,Playlist,https://www.youtube.com/playlist?list=PLv5QBdw3FlhQW-r_zpRWMQK6wYg34r-oc,PLv5QBdw3FlhQW-r_zpRWMQK6wYg34r-oc,,,
142,Help Overcoming Pornography (playlist),Faith - LDS,English,Playlist,https://www.youtube.com/playlist?list=PLAYgY8SPtEWHfaVvDlZvMEvSO2OnfzXXb,PLAYgY8SPtEWHfaVvDlZvMEvSO2OnfzXXb,,,
143,Twelve Steps to Recovery,Faith - LDS,English,Video,https://www.youtube.com/watch?v=w8y2RyQz44M,w8y2RyQz44M,,,
144,Step 1: Honesty - David's Story about Sex Addiction Recovery,Faith - LDS,English,Video,https://www.youtube.com/watch?v=W_DtmXXpw6Q,W_DtmXXpw6Q,,,
145,Forgiveness in Overcoming Pornography,Faith - LDS,English,Video,https://www.youtube.com/watch?v=1FiyyhDUeBE,1FiyyhDUeBE,,,
146,How to stop watching porn | Mufti Menk,Faith - Islam,English,Video,https://www.youtube.com/watch?v=g8M-a2HHp6M,g8M-a2HHp6M,,,
147,Solution to Stop Watching Pornography In Islam - Animated,Faith - Islam,English,Video,https://www.youtube.com/watch?v=MfutmhTe-v4,MfutmhTe-v4,,,
148,How I Quit Porn & Masturbation as a Muslim (My 6-Year Battle),Faith - Islam,English,Video,https://www.youtube.com/watch?v=sB7tL9uBHXM,sB7tL9uBHXM,,,
149,Prayer to overcome porn addiction - Mufti Menk,Faith - Islam,English,Video,https://www.youtube.com/watch?v=dWF5hLW2t-c,dWF5hLW2t-c,,,
150,5 WAYS TO STOP WATCHING PORN IN ISLAM | Nouman Ali Khan,Faith - Islam,English,Video,https://www.youtube.com/watch?v=xUsasjxb9q0,xUsasjxb9q0,,,
151,How To Quit Porn Addiction In Islam: A Guide for Muslim Youth | Mufti Menk,Faith - Islam,English,Video,https://www.youtube.com/watch?v=Bb7Fnce37e4,Bb7Fnce37e4,,,
152,How To Stop Masturbating In Islam,Faith - Islam,English,Video,https://www.youtube.com/watch?v=c92pDmWx558,c92pDmWx558,,,
153,HOW TO QUIT PORN ADDICTION (Tips & Tricks) - Animated,Faith - Islam,English,Video,https://www.youtube.com/watch?v=46TbX6m-foI,46TbX6m-foI,,,
154,I made an oath to stop watching pornography but I keep doing it #hudatv,Faith - Islam,English,Video,https://www.youtube.com/watch?v=E_PuNmE36P4,E_PuNmE36P4,,,
155,Ultimate Islamic Guide To Masturbation Addiction,Faith - Islam,English,Video,https://www.youtube.com/watch?v=7BmTOLRllKI,7BmTOLRllKI,,,
156,Porn Addiction Can Ruin Your Life - Sadhguru,Faith - Eastern / Sadhguru,English,Video,https://www.youtube.com/watch?v=tYIkfkGJxTE,tYIkfkGJxTE,,,
157,Porn Addiction Is Ruining Your Brain | Sadhguru,Faith - Eastern / Sadhguru,English,Video,https://www.youtube.com/watch?v=D4FjROvGL6g,D4FjROvGL6g,,,
158,Break Free from Porn Addiction! Sadhguru Explains How to Stop Objectification of Women,Faith - Eastern / Sadhguru,English,Video,https://www.youtube.com/watch?v=uQhkX3FehUo,uQhkX3FehUo,,,
159,Watch this before you watch the Pornography | Sadhguru on how to stop this addiction,Faith - Eastern / Sadhguru,English,Video,https://www.youtube.com/watch?v=afojRbb7ad4,afojRbb7ad4,,,
160,Why is Pornography the Biggest Thing on the Internet? - Sadhguru,Faith - Eastern / Sadhguru,English,Video,https://www.youtube.com/watch?v=yw8bpB5L8xo,yw8bpB5L8xo,,,
161,Get best solution of PORN addiction from Sadhguru #UnplugWithSadhguru,Faith - Eastern / Sadhguru,English,Video,https://www.youtube.com/watch?v=CrQzmGksWAE,CrQzmGksWAE,,,
162,100% DANGEROUS | SAVE YOURSELF FROM THIS ONLINE SICKNESS | SADHGURU,Faith - Eastern / Sadhguru,English,Video,https://www.youtube.com/watch?v=B_FqpJXptHk,B_FqpJXptHk,,,
163,Porn Addiction | I Can Help: Brahmacharya Samadhi | Podcast Against Lust Industry,Faith - Eastern / Sadhguru,English,Video,https://www.youtube.com/watch?v=7NUnL0LVGMU,7NUnL0LVGMU,,,
164,Sadhguru | WHY You Should STOP Watching This | PORNOGRAPHY | Negative Impact,Faith - Eastern / Sadhguru,English,Video,https://www.youtube.com/watch?v=WvWThaDxRQY,WvWThaDxRQY,,,
165,Porn Addiction Can Ruin Your Life - Sadhguru | Shemaroo Spiritual Life,Faith - Eastern / Sadhguru,English,Video,https://www.youtube.com/watch?v=McX21kgLP94,McX21kgLP94,,,
166,Porn ki lat aapka jeevan barbaad kar degi | Porn Addiction | Sadhguru Hindi,Faith - Eastern / Sadhguru,Hindi,Video,https://www.youtube.com/watch?v=SPTHHcQ0dzE,SPTHHcQ0dzE,,,
167,Pornography addiction treated by boxing | Dr Gabor Mate,Gabor Mate / Trauma,English,Short,https://www.youtube.com/shorts/FPlbK0A4y5U,FPlbK0A4y5U,,,
168,Gabor Mate On Sexual Abuse,Gabor Mate / Trauma,English,Video,https://www.youtube.com/watch?v=OHU_lMSjBFg,OHU_lMSjBFg,,,
169,Is Porn about S*x? Dr. Gabor Mate,Gabor Mate / Trauma,English,Video,https://www.youtube.com/watch?v=LprjJ0JI36E,LprjJ0JI36E,,,
170,Hooked: Dr Gabor Mate on Trauma & Addiction | Full Interview,Gabor Mate / Trauma,English,Video,https://www.youtube.com/watch?v=oY928d4uzew,oY928d4uzew,,,
171,Dr. Gabor Mate - Healing Trauma & Addiction,Gabor Mate / Trauma,English,Video,https://www.youtube.com/watch?v=JIMlxVBPsy8,JIMlxVBPsy8,,,
172,"Dr Gabor Mate on Addiction, Trauma & Why You Were Never Broken",Gabor Mate / Trauma,English,Video,https://www.youtube.com/watch?v=QZHap9gp-_A,QZHap9gp-_A,,,
173,Gabor Mate Reveals What Sex Addiction Is Really About,Gabor Mate / Trauma,English,Short,https://www.youtube.com/shorts/SgSC_Ad9vXw,SgSC_Ad9vXw,,,
174,La PSICOLOGIA de un ADICTO a la PORNOGRAFIA | GABOR MATE,Gabor Mate / Trauma,Spanish,Video,https://www.youtube.com/watch?v=MoKJw3PF-wA,MoKJw3PF-wA,,,
175,Porn Addiction in Women: Breaking the Silence on the Invisible Struggle,Women & Porn Addiction,English,Video,https://www.youtube.com/watch?v=jOWTi9qscTo,jOWTi9qscTo,,,
176,Porn Addiction Isn't Just a Male Problem | Women Struggle as Well,Women & Porn Addiction,English,Video,https://www.youtube.com/watch?v=suzU16nTFO0,suzU16nTFO0,,,
177,Porn Addiction In Women,Women & Porn Addiction,English,Short,https://www.youtube.com/shorts/VYFOgE6U4dk,VYFOgE6U4dk,,,
178,Pornography - a Women's Problem Too: Practical tips to overcome porn addiction (S03 EP07),Women & Porn Addiction,English,Video,https://www.youtube.com/watch?v=tt4pTEmHcAM,tt4pTEmHcAM,,,
179,She had a Porn Addiction - She Now Lives in Freedom,Women & Porn Addiction,English,Video,https://www.youtube.com/watch?v=SPuLfRsCmxo,SPuLfRsCmxo,,,
180,Being a girl who struggles with a porn addiction,Women & Porn Addiction,English,Video,https://www.youtube.com/watch?v=vO1Skcou5ik,vO1Skcou5ik,,,
181,I was a Porn ADDICT | Jessica Harris,Women & Porn Addiction,English,Video,https://www.youtube.com/watch?v=tCrKrIEhVmM,tCrKrIEhVmM,,,
182,I'm A Woman With A Porn Addiction,Women & Porn Addiction,English,Video,https://www.youtube.com/watch?v=7OkMTmGdWxY,7OkMTmGdWxY,,,
183,Porn Addiction | A Woman's Experience,Women & Porn Addiction,English,Video,https://www.youtube.com/watch?v=aYLtu3fkW0Y,aYLtu3fkW0Y,,,
184,Lamar Odom and Vlad Debate If Porn Addiction is Real (Part 27),Debate / Is It Real?,English,Video,https://www.youtube.com/watch?v=osywiiaFi8Y,osywiiaFi8Y,,,
185,Is Porn Addiction Real? | Truth Behind Porn Addiction Explained,Debate / Is It Real?,English,Video,https://www.youtube.com/watch?v=6JK6UAPwpQE,6JK6UAPwpQE,,,
186,Is Porn Addiction Real? What Experts and Former Consumers Want You to Know,Debate / Is It Real?,English,Video,https://www.youtube.com/watch?v=sZM3BKXGhG0,sZM3BKXGhG0,,,
187,"EXPOSED: the truth about porn addiction and its links to breaking the law, anxiety and depression",Debate / Is It Real?,English,Video,https://www.youtube.com/watch?v=eMLgy5ih7C8,eMLgy5ih7C8,,,
188,Surprising Pornography Side Effects on Relationships (Porn Addiction),Relationships & Marriage,English,Video,https://www.youtube.com/watch?v=5SbB5Z7L9QE,5SbB5Z7L9QE,,,
189,How Porn Addiction Affects Relationships and What to Do About It,Relationships & Marriage,English,Video,https://www.youtube.com/watch?v=NnkdsF0ZUso,NnkdsF0ZUso,,,
190,How Porn Destroys Relationships (The Brain Science),Relationships & Marriage,English,Video,https://www.youtube.com/watch?v=9UTQebgf6yc,9UTQebgf6yc,,,
191,How Porn Addiction Can End Your Marriage,Relationships & Marriage,English,Video,https://www.youtube.com/watch?v=TS7Bl0kjpes,TS7Bl0kjpes,,,
192,How Porn Addiction Ruins Relationships (and How to Heal),Relationships & Marriage,English,Short,https://www.youtube.com/shorts/1MF5jYEkA-A,1MF5jYEkA-A,,,
193,Why is Porn So Destructive in Marriage?,Relationships & Marriage,English,Video,https://www.youtube.com/watch?v=fH81yvNQrDg,fH81yvNQrDg,,,
194,Why Porn Secretly Hurts Your Wife and Family More Than You Realize,Relationships & Marriage,English,Video,https://www.youtube.com/watch?v=-jX3MmFk9ME,-jX3MmFk9ME,,,
195,Porn Addiction & Betrayal Trauma: A Therapist Explains the Couple's Side,Betrayal Trauma / Partners,English,Video,https://www.youtube.com/watch?v=dauKIsC2WT4,dauKIsC2WT4,,,
196,How To Help My Wife Heal From Betrayal Trauma,Betrayal Trauma / Partners,English,Video,https://www.youtube.com/watch?v=28Dk3bnHMe0,28Dk3bnHMe0,,,
197,"He's a Good Man, But a Porn Addict: How to Recover When You Choose to Stay",Betrayal Trauma / Partners,English,Video,https://www.youtube.com/watch?v=QzKfkXREilI,QzKfkXREilI,,,
198,Healing for a Betrayed Partner/Spouse in Therapy; Betrayal Trauma,Betrayal Trauma / Partners,English,Video,https://www.youtube.com/watch?v=9rtYFnaXi14,9rtYFnaXi14,,,
199,How to help my wife deal with betrayal trauma triggers,Betrayal Trauma / Partners,English,Video,https://www.youtube.com/watch?v=0Ok47lMZkfA,0Ok47lMZkfA,,,
200,Betrayal Trauma Recovery (channel),Betrayal Trauma / Partners,English,Channel,https://www.youtube.com/@BtrOrg,@BtrOrg,,,
201,"Hope & Healing from Betrayal Trauma, Pornography and Sexual Addiction",Betrayal Trauma / Partners,English,Video,https://www.youtube.com/watch?v=08MbhofthIM,08MbhofthIM,,,
202,Why Do I Feel Traumatized by My Husband's Porn Use? | The Neuroscience of Betrayal Trauma,Betrayal Trauma / Partners,English,Video,https://www.youtube.com/watch?v=APCIkEPIeYQ,APCIkEPIeYQ,,,
203,How To Recover From Your Husband's Pornography Addiction?,Betrayal Trauma / Partners,English,Video,https://www.youtube.com/watch?v=PLorF9JYZLc,PLorF9JYZLc,,,
204,Betrayal Trauma - the Impact of Sex & Porn Addiction on The Wife/Spouse/Partner,Betrayal Trauma / Partners,English,Video,https://www.youtube.com/watch?v=78oEcI4aSoQ,78oEcI4aSoQ,,,
205,"Yes, Teens have porn ADDICTION symptoms - Here's what parents should do",Teens / Parents,English,Video,https://www.youtube.com/watch?v=awiNXDn9Pn0,awiNXDn9Pn0,,,
206,Breaking Your Teen's Porn Addiction: A Parent's Guide,Teens / Parents,English,Video,https://www.youtube.com/watch?v=h-9B8hvwGRU,h-9B8hvwGRU,,,
207,Teen Who Was Addicted to Pornography Has A Warning for All Parents,Teens / Parents,English,Video,https://www.youtube.com/watch?v=8zn-g-14iik,8zn-g-14iik,,,
208,Episode 23: Help Your Teen Beat Porn Addiction: Visualize Their Dream Family Future!,Teens / Parents,English,Video,https://www.youtube.com/watch?v=1KAm_Mxj6No,1KAm_Mxj6No,,,
209,Episode 22: The Hidden Lies Your Teen Believes: How Self-Deception Fuels Porn Addiction,Teens / Parents,English,Video,https://www.youtube.com/watch?v=36wP4NS5BBM,36wP4NS5BBM,,,
210,How can I help my teen struggling with a pornography addiction? (Full Video) - CCEF,Teens / Parents,English,Video,https://www.youtube.com/watch?v=ZzMLt-2AunQ,ZzMLt-2AunQ,,,
211,Teens addicted to porn: What can parents say?,Teens / Parents,English,Video,https://www.youtube.com/watch?v=7snp5-AvGQs,7snp5-AvGQs,,,
212,Episode 5: Unlocking Recovery: Open Communication to Help Your Teen Overcome Pornography Addiction,Teens / Parents,English,Video,https://www.youtube.com/watch?v=scXddKxR4kQ,scXddKxR4kQ,,,
213,How To Talk To Your Child About Porn,Teens / Parents,English,Video,https://www.youtube.com/watch?v=wnfUlQFIYSQ,wnfUlQFIYSQ,,,
214,How to Talk to Teenagers About Porn | Child Mind Institute,Teens / Parents,English,Video,https://www.youtube.com/watch?v=82Tal13t2PA,82Tal13t2PA,,,
215,Pornography Harms,Teens / Parents,English,Video,https://www.youtube.com/watch?v=v3AaugTLoZA,v3AaugTLoZA,,,
216,Porn: The Conversation That Protects Your Kids | Chris McKenna,Teens / Parents,English,Video,https://www.youtube.com/watch?v=WzEwHBQ5lNQ,WzEwHBQ5lNQ,,,
217,How to talk to your kids about porn,Teens / Parents,English,Video,https://www.youtube.com/watch?v=a7ma-mRCvIw,a7ma-mRCvIw,,,
218,Porn Exposure Is Harming Kids. What Can Parents Do About It?,Teens / Parents,English,Video,https://www.youtube.com/watch?v=cz70-aFYG0s,cz70-aFYG0s,,,
219,"By age 11, most kids today have already been exposed to pornography",Teens / Parents,English,Video,https://www.youtube.com/watch?v=V5dF6LHCK68,V5dF6LHCK68,,,
220,6 Things to Do If Your Kid Sees Pornography,Teens / Parents,English,Video,https://www.youtube.com/watch?v=llvY9VqJO3M,llvY9VqJO3M,,,
221,Protecting Kids from Inappropriate Online Content,Teens / Parents,English,Video,https://www.youtube.com/watch?v=sQNFIBH-rjg,sQNFIBH-rjg,,,
222,Parenting: Talking to Kids About Porn,Teens / Parents,English,Video,https://www.youtube.com/watch?v=olg0OWhi3Q4,olg0OWhi3Q4,,,
223,Porn Addiction Withdrawal Symptoms,Withdrawal / Flatline,English,Short,https://www.youtube.com/shorts/GOxNyo5eqgs,GOxNyo5eqgs,,,
224,PORN Withdrawal TIMELINE (what to expect),Withdrawal / Flatline,English,Video,https://www.youtube.com/watch?v=H1IlMIgYauw,H1IlMIgYauw,,,
225,Porn Addiction Withdrawal Symptoms (w/ Dr. Trish Leigh),Withdrawal / Flatline,English,Video,https://www.youtube.com/watch?v=u5Pj0qly7rE,u5Pj0qly7rE,,,
226,Dealing With FLATLINE Symptoms While QUITTING PORN,Withdrawal / Flatline,English,Video,https://www.youtube.com/watch?v=3dWUz4WpEYc,3dWUz4WpEYc,,,
227,Reboot Challenges - Withdrawal Symptoms From Porn,Withdrawal / Flatline,English,Video,https://www.youtube.com/watch?v=dxtQq0jBncc,dxtQq0jBncc,,,
228,How To Stop Porn Withdrawal Symptoms And Avoid Relapse,Withdrawal / Flatline,English,Video,https://www.youtube.com/watch?v=taKSpvQuw64,taKSpvQuw64,,,
229,Four Powerful Relapse Prevention Tips | How To Stop Porn Addiction,Relapse Prevention,English,Video,https://www.youtube.com/watch?v=Jw-E8G26kyQ,Jw-E8G26kyQ,,,
230,Porn Addiction Aesey Khatam Karein! | How to Stop Porn Addiction - Dr. Zee,Relapse Prevention,Urdu / Hindi,Video,https://www.youtube.com/watch?v=-pVgJoChaEA,-pVgJoChaEA,,,
231,How To Stop Relapsing To Porn (Scientifically Proven Techniques),Relapse Prevention,English,Short,https://www.youtube.com/shorts/i2JCSi7EacM,i2JCSi7EacM,,,
232,"How To Overcome Porn Addiction: Stages, Relapse Prevention & Recovery Tips",Relapse Prevention,English,Video,https://www.youtube.com/watch?v=PPWp_X9YccA,PPWp_X9YccA,,,
233,How to Quit Porn - 12 Science-Based Strategies for Porn Addiction,Relapse Prevention,English,Video,https://www.youtube.com/watch?v=Gul2SRqChpo,Gul2SRqChpo,,,
234,Quit Porn - How to Stop Relapsing,Relapse Prevention,English,Video,https://www.youtube.com/watch?v=2wx3HXdYwcA,2wx3HXdYwcA,,,
235,How Can I Avoid Relapses with Pornography Use?,Relapse Prevention,English,Video,https://www.youtube.com/watch?v=gOedZQM2UjY,gOedZQM2UjY,,,
236,8 Signs of a Porn Addiction,Signs / Self-Assessment,English,Short,https://www.youtube.com/shorts/5JmteZIWBy4,5JmteZIWBy4,,,
237,Porn Brain Quiz: Are You An Actual Addict?,Signs / Self-Assessment,English,Video,https://www.youtube.com/watch?v=JL8mcqd93YQ,JL8mcqd93YQ,,,
238,Porn Addiction Symptoms | You Don't Notice Until It's Too Late,Signs / Self-Assessment,English,Video,https://www.youtube.com/watch?v=t7PYltOYgic,t7PYltOYgic,,,
239,7 Signs of Porn Addiction,Signs / Self-Assessment,English,Short,https://www.youtube.com/shorts/j6tCqFhmgpo,j6tCqFhmgpo,,,
240,7 Porn Addiction Symptoms WATCH OUT FOR,Signs / Self-Assessment,English,Video,https://www.youtube.com/watch?v=PTAk3EkJtqQ,PTAk3EkJtqQ,,,
241,Are You Addicted to Porn? Here are the Warning Signs,Signs / Self-Assessment,English,Video,https://www.youtube.com/watch?v=ziOT3reMQfY,ziOT3reMQfY,,,
242,"Porn Addiction Symptoms | Brain Science, Recovery, and Mental Health Insights",Signs / Self-Assessment,English,Video,https://www.youtube.com/watch?v=KvXqOthNZo8,KvXqOthNZo8,,,
243,Porn Addiction Case Study: Signs and Symptoms,Signs / Self-Assessment,English,Video,https://www.youtube.com/watch?v=8vgEITJe8dM,8vgEITJe8dM,,,
244,Porn Addiction Symptoms You Shouldn't Ignore | Mental Health Awareness,Signs / Self-Assessment,English,Video,https://www.youtube.com/watch?v=RP3KkY2tt2U,RP3KkY2tt2U,,,
245,Are You Addicted To Porn? | Addiction Test!,Signs / Self-Assessment,English,Video,https://www.youtube.com/watch?v=vE8-GcGVhM0,vE8-GcGVhM0,,,
246,Porn: An Escalating Addiction,Escalation / Tolerance,English,Video,https://www.youtube.com/watch?v=CiQ_DNge6zw,CiQ_DNge6zw,,,
247,Masturbation Escalation | Why Your Brain Always Demands More Extreme Content,Escalation / Tolerance,English,Video,https://www.youtube.com/watch?v=ALBLFUD1NNw,ALBLFUD1NNw,,,
248,Unveiling the Dark Truth: The Escalation of Porn Addiction,Escalation / Tolerance,English,Video,https://www.youtube.com/watch?v=ONqwVDvGLTc,ONqwVDvGLTc,,,
249,Porn escalation is usually unavoidable,Escalation / Tolerance,English,Video,https://www.youtube.com/watch?v=7inFElb1GzE,7inFElb1GzE,,,
250,ZERO Tolerance Porn Addiction,Escalation / Tolerance,English,Short,https://www.youtube.com/shorts/MGvzNi1rS8Y,MGvzNi1rS8Y,,,
251,Porn Increases Social Anxiety | How to Improve It w/ Dr. Trish Leigh,Mental Health Effects,English,Video,https://www.youtube.com/watch?v=1Z9nok8outw,1Z9nok8outw,,,
252,Why Your Porn Addiction Causes Anxiety & Depression,Mental Health Effects,English,Video,https://www.youtube.com/watch?v=XvwH_AG110s,XvwH_AG110s,,,
253,Fight the New Drug (channel),Fight the New Drug / Documentary,English,Channel,https://www.youtube.com/fightthenewdrug,fightthenewdrug,,,
254,Addiction to porn: It's not about religion - #FightTheNewDrug,Fight the New Drug / Documentary,English,Video,https://www.youtube.com/watch?v=InVExUIbPBQ,InVExUIbPBQ,,,
255,A Drug Called Pornography - Documentary on Porn (playlist),Fight the New Drug / Documentary,English,Playlist,https://www.youtube.com/playlist?list=PLF840BE4348867B2E,PLF840BE4348867B2E,,,
256,Fighting Against Pornography with Clay from Fight the New Drug,Fight the New Drug / Documentary,English,Video,https://www.youtube.com/watch?v=4OHaqaLOAf4,4OHaqaLOAf4,,,
257,Explore Fight the New Drug's collection of resources,Fight the New Drug / Documentary,English,Video,https://www.youtube.com/watch?v=LU1etxvlTrY,LU1etxvlTrY,,,
258,Fight The New Drug With Clay Olsen,Fight the New Drug / Documentary,English,Video,https://www.youtube.com/watch?v=DNRF2_nbjUk,DNRF2_nbjUk,,,
259,"'Brain, Heart, World' | Documentary Series Trailer",Fight the New Drug / Documentary,English,Video,https://www.youtube.com/watch?v=_aIXdMzHAcs,_aIXdMzHAcs,,,
260,Learn More About Fight The New Drug's Presentations,Fight the New Drug / Documentary,English,Video,https://www.youtube.com/watch?v=2tH1eWM_-wg,2tH1eWM_-wg,,,
261,Brain. Heart. World - Episode Two (Heart) Trailer,Fight the New Drug / Documentary,English,Video,https://www.youtube.com/watch?v=7wXEH-LPZEE,7wXEH-LPZEE,,,
262,"'Brain, Heart, World' Documentary Series (playlist)",Fight the New Drug / Documentary,English,Playlist,https://www.youtube.com/playlist?list=PLvFhr3e6CcV3eL-dA-vVkOIHi0w1Y3Itx,PLvFhr3e6CcV3eL-dA-vVkOIHi0w1Y3Itx,,,
263,"'The Brain' Trailer II | 'Brain, Heart, World' Documentary Series",Fight the New Drug / Documentary,English,Video,https://www.youtube.com/watch?v=y1GLihr8qR0,y1GLihr8qR0,,,
264,Brain.Heart.World - Documentary (Pt.3 'World'),Fight the New Drug / Documentary,English,Video,https://www.youtube.com/watch?v=DnMFuVK5SXg,DnMFuVK5SXg,,,
265,"Episode Trailer: 'The Brain' | Brain, Heart, World Documentary Series",Fight the New Drug / Documentary,English,Video,https://www.youtube.com/watch?v=tpZrFMUzya0,tpZrFMUzya0,,,
266,"Episode Trailer: 'The World' | Brain, Heart, World Documentary Series",Fight the New Drug / Documentary,English,Video,https://www.youtube.com/watch?v=D0gTu2ZKLpc,D0gTu2ZKLpc,,,
267,"'The Heart' Trailer II | 'Brain, Heart, World' Documentary Series",Fight the New Drug / Documentary,English,Video,https://www.youtube.com/watch?v=Io8rtXwKLYI,Io8rtXwKLYI,,,
268,All benefits for 90 days NoFap (complete guide),30/90-Day Challenges,English,Video,https://www.youtube.com/watch?v=89qKCPfQDwE,89qKCPfQDwE,,,
269,90 days without masturbation and pornography | NoFap challenge can change your life,30/90-Day Challenges,English,Video,https://www.youtube.com/watch?v=-ddd23bv8fs,-ddd23bv8fs,,,
270,90 Days of NoFap | Quitting Internet Pornography,30/90-Day Challenges,English,Video,https://www.youtube.com/watch?v=6xPEShgWgjE,6xPEShgWgjE,,,
271,All benefits for 30 days NoFap (complete guide),30/90-Day Challenges,English,Video,https://www.youtube.com/watch?v=48srZi3Fk1M,48srZi3Fk1M,,,
272,90 Days of NoFap (4 Life-Changing Benefits),30/90-Day Challenges,English,Video,https://www.youtube.com/watch?v=15hwmRndjL4,15hwmRndjL4,,,
273,What Quitting Porn For 90 Days Does To Your Brain,30/90-Day Challenges,English,Video,https://www.youtube.com/watch?v=pOK2CuLTw2Y,pOK2CuLTw2Y,,,
274,3 Scientific Benefits of NoFap (Truth After 90 Days),30/90-Day Challenges,English,Video,https://www.youtube.com/watch?v=nIpaxRXA9Jo,nIpaxRXA9Jo,,,
275,Benefits of NoFap 90 Days Challenge,30/90-Day Challenges,English,Video,https://www.youtube.com/watch?v=pPyaHMXkTXk,pPyaHMXkTXk,,,
276,What Happens When You Quit Porn for 30 Days,30/90-Day Challenges,English,Video,https://www.youtube.com/watch?v=baMKuz9ecvU,baMKuz9ecvU,,,
277,"Celebrities Getting Real About Porn Addiction: Terry Crews, Mike Tyson, Joe Rogan, Russell Brand",Celebrity Interviews,English,Video,https://www.youtube.com/watch?v=RNnzUpGk7Ng,RNnzUpGk7Ng,,,
278,Terry Crews Opens up about Porn Addiction,Celebrity Interviews,English,Video,https://www.youtube.com/watch?v=ULSk_6KceEI,ULSk_6KceEI,,,
279,"Terry Crews on Thirty Year Marriage, Porn Addiction & Cancel Culture",Celebrity Interviews,English,Video,https://www.youtube.com/watch?v=HN3k35GYtg4,HN3k35GYtg4,,,
280,"NoFap: 9 Ways Porn Will Ruin You (Jordan Peterson, Joe Rogan and Terry Crews)",Celebrity Interviews,English,Video,https://www.youtube.com/watch?v=j3cfKOkQD9M,j3cfKOkQD9M,,,
281,How Terry Crews Overcame Porn Addiction | WWHL,Celebrity Interviews,English,Video,https://www.youtube.com/watch?v=RYRdFljRgdY,RYRdFljRgdY,,,
282,'I Was Addicted to P*rnography' | #ABtalks with Terry Crews | Chapter 249,Celebrity Interviews,English,Video,https://www.youtube.com/watch?v=mU9oJkDdAZU,mU9oJkDdAZU,,,
283,Terry Crews on Porn Addiction | Howie Mandel Does Stuff,Celebrity Interviews,English,Video,https://www.youtube.com/watch?v=6sU4jeY3S5I,6sU4jeY3S5I,,,
284,Terry Crews e Mike Tyson | Joe Rogan Experience Legendado,Celebrity Interviews,Portuguese,Video,https://www.youtube.com/watch?v=Dd42Tc38bTE,Dd42Tc38bTE,,,
285,"Terry Crews Talks Acting, Suicidal Thoughts, Porn Addiction and Mental Health - The Mental Game",Celebrity Interviews,English,Video,https://www.youtube.com/watch?v=8dzKdPxwnP4,8dzKdPxwnP4,,,
286,Exclusive Interview with Terry Crews on Why He Quit Porn,Celebrity Interviews,English,Video,https://www.youtube.com/watch?v=tV6F1Mkh7B0,tV6F1Mkh7B0,,,
287,Dr. Trish Leigh (channel),Dr. Trish Leigh,English,Channel,https://www.youtube.com/channel/UC2UjsmTlsL1IhqiRt2oKvXA,channel/UC2UjsmTlsL1IhqiRt2oKvXA,,,
288,Porn Brain Rewire 2022 (Quit Porn with Dr. Trish Leigh),Dr. Trish Leigh,English,Video,https://www.youtube.com/watch?v=p9M7Yk6nB4Q,p9M7Yk6nB4Q,,,
289,"Porn, Checking People Out, and Dopamine: Porn Rewire w/ Dr. Trish Leigh",Dr. Trish Leigh,English,Video,https://www.youtube.com/watch?v=pposQ0xTerU,pposQ0xTerU,,,
290,Porn Brain Rewire Program with Dr. Trish Leigh,Dr. Trish Leigh,English,Video,https://www.youtube.com/watch?v=U2HmfdXRjL0,U2HmfdXRjL0,,,
291,Dr. Trish Leigh Spills the TRUTH (Porn Brain Rewire),Dr. Trish Leigh,English,Video,https://www.youtube.com/watch?v=rJwV4rT0W-w,rJwV4rT0W-w,,,
292,Porn Brain Rewire Strategies to Succeed (w/ Dr. Trish Leigh),Dr. Trish Leigh,English,Video,https://www.youtube.com/watch?v=WHtbT-l4LAU,WHtbT-l4LAU,,,
293,Persist and Persevere on your Porn Brain Rewire (w/ Dr. Trish Leigh),Dr. Trish Leigh,English,Video,https://www.youtube.com/watch?v=C_N3S8zACrM,C_N3S8zACrM,,,
294,Porn Brain Rewire Strategies (w/ Dr. Trish Leigh),Dr. Trish Leigh,English,Video,https://www.youtube.com/watch?v=t7vpKJUMylI,t7vpKJUMylI,,,
295,5 (Easy) Ways to Replenish Dopamine on a Porn Brain Rewire (w/ Dr. Trish Leigh),Dr. Trish Leigh,English,Video,https://www.youtube.com/watch?v=l9T2oumLN3s,l9T2oumLN3s,,,
296,The Nightmare of Porn Addiction Podcast (w/ Dr. Trish Leigh),Dr. Trish Leigh,English,Video,https://www.youtube.com/watch?v=zZuuN7wy1BQ,zZuuN7wy1BQ,,,
297,How To Reset Your Mind? Dopamine Detox? How To Deal With Social Media Addiction?,Dopamine Detox,English,Video,https://www.youtube.com/watch?v=k0WDtwhTnOs,k0WDtwhTnOs,,,
298,"DOPAMINE DETOX: How Alcohol, Porn & Social Media Is Making This Generation STRUGGLE | Scott Galloway",Dopamine Detox,English,Video,https://www.youtube.com/watch?v=jX82Bwc47N8,jX82Bwc47N8,,,
299,7 Day Social Media Detox | Dopamine Reset,Dopamine Detox,English,Video,https://www.youtube.com/watch?v=8nPOaiKGO58,8nPOaiKGO58,,,
300,How To Reset Your Brain's Pleasure Pathways And Overcome Porn Addiction,Dopamine Detox,English,Video,https://www.youtube.com/watch?v=etXJlW_8pQ4,etXJlW_8pQ4,,,
301,"Dopamine Neuroscientist: 'Even A Little Bit Of Social Media, Netflix, Weed & Porn Does This To You!'",Dopamine Detox,English,Video,https://www.youtube.com/watch?v=OJIvoOal0hw,OJIvoOal0hw,,,
302,How I Reset My Dopamine Levels (And You Can Too),Dopamine Detox,English,Video,https://www.youtube.com/watch?v=Eh8o_wbnYXM,Eh8o_wbnYXM,,,
303,Neuroscientist Reveals: THIS 60-Minute Rule Will FIX Your Dopamine Addiction,Dopamine Detox,English,Video,https://www.youtube.com/watch?v=d1e_Y88en3M,d1e_Y88en3M,,,
304,How To Actually Dopamine Detox (Quitting Social Media),Dopamine Detox,English,Video,https://www.youtube.com/watch?v=alPgPOI_Gac,alPgPOI_Gac,,,
305,Sexual Compulsives Anonymous (channel),12-Step / Support Groups,English,Channel,https://www.youtube.com/@SCA-Recovery,@SCA-Recovery,,,
306,Sex Addiction: Step One of the Twelve Steps | Dr. Doug Weiss,12-Step / Support Groups,English,Video,https://www.youtube.com/watch?v=GsZY9A51r6Q,GsZY9A51r6Q,,,
307,Twelve Step Support Groups for Sex Addiction | Dr. Doug Weiss,12-Step / Support Groups,English,Video,https://www.youtube.com/watch?v=czmJdRrygRM,czmJdRrygRM,,,
308,What to expect at a Sex Addicts Anonymous Meeting,12-Step / Support Groups,English,Video,https://www.youtube.com/watch?v=fWfHiv1bvPs,fWfHiv1bvPs,,,
309,Sex Addicts Recovery Podcast (playlist),12-Step / Support Groups,English,Playlist,https://www.youtube.com/playlist?list=PLn0dcZg-Ou7giI4YkXGXsBWDHJgtymw9q,PLn0dcZg-Ou7giI4YkXGXsBWDHJgtymw9q,,,
310,#104: The 12-Step Experience for Sex and Love Addicts,12-Step / Support Groups,English,Video,https://www.youtube.com/watch?v=uDtnHrAz9Nw,uDtnHrAz9Nw,,,
311,My Journey Through Sexaholics Anonymous,12-Step / Support Groups,English,Video,https://www.youtube.com/watch?v=DljfJRU4YK4,DljfJRU4YK4,,,
312,Withdrawal & Relapse In SAA Recovery - Sex Addicts Anonymous,12-Step / Support Groups,English,Video,https://www.youtube.com/watch?v=AC_gmmDgoAI,AC_gmmDgoAI,,,
313,Bay Area Sex Addicts Anonymous (channel),12-Step / Support Groups,English,Channel,https://www.youtube.com/@bayareasexaddictsanonymous1892,@bayareasexaddictsanonymous1892,,,
314,Sex Addicts Anonymous,12-Step / Support Groups,English,Video,https://www.youtube.com/watch?v=2T_rXG0QUdo,2T_rXG0QUdo,,,
315,Anti-Porn Software | Covenant Eyes Review (Can it help you?),Blockers / Accountability Tools,English,Video,https://www.youtube.com/watch?v=WQfpfY8WipM,WQfpfY8WipM,,,
316,Accountable2You Porn Blocking Accountability Software REVIEW,Blockers / Accountability Tools,English,Video,https://www.youtube.com/watch?v=gxtv9tMPDK4,gxtv9tMPDK4,,,
317,Ever Accountable (X3watch) Porn Blocking Accountability Software REVIEW,Blockers / Accountability Tools,English,Video,https://www.youtube.com/watch?v=ovFLSfAMDfs,ovFLSfAMDfs,,,
318,Is Covenant Eyes Enough for Porn Addiction? A Clinical Answer,Blockers / Accountability Tools,English,Video,https://www.youtube.com/watch?v=BRX1DdvO9xk,BRX1DdvO9xk,,,
319,Covenant Eyes Review - Is Accountability Software Right for You or Your Family?,Blockers / Accountability Tools,English,Video,https://www.youtube.com/watch?v=efzR1yyzIfs,efzR1yyzIfs,,,
320,Covenant Eyes Reviewed by a Porn Addiction Coach (2022),Blockers / Accountability Tools,English,Video,https://www.youtube.com/watch?v=59rB0QOEInk,59rB0QOEInk,,,
321,Is Covenant Eyes 'Shameware'?,Blockers / Accountability Tools,English,Video,https://www.youtube.com/watch?v=pDuZGAkMSYc,pDuZGAkMSYc,,,
322,Net Nanny Porn Blocking Accountability Software REVIEW,Blockers / Accountability Tools,English,Video,https://www.youtube.com/watch?v=2cEEGzv9DSo,2cEEGzv9DSo,,,
323,Covenant Eyes (channel),Blockers / Accountability Tools,English,Channel,https://www.youtube.com/covenanteyes,covenanteyes,,,
324,Covenant Eyes Review | Why It DIDN'T Work for Me,Blockers / Accountability Tools,English,Video,https://www.youtube.com/watch?v=tqbFSWJL2DU,tqbFSWJL2DU,,,
325,How To Quit Porn Addiction? - World's Best Motivational Video in Hindi,Hindi,Hindi,Video,https://www.youtube.com/watch?v=8XkomUM7hNM,8XkomUM7hNM,,,
326,Porn Dekhna Kaise Chhode - How To Quit Porn Addiction And Bad Habits by Rajveer Singh,Hindi,Hindi,Video,https://www.youtube.com/watch?v=RviuaGS6l0Q,RviuaGS6l0Q,,,
327,Kaise Chhodo Porn Addiction - Sab Kuch Revealed! (Hindi/Urdu),Hindi,Hindi / Urdu,Video,https://www.youtube.com/watch?v=d-rLBtFIvZ4,d-rLBtFIvZ4,,,
328,Porn Addiction Kaise Chhode: Step-by-Step Guide | Porn Addiction Ka Ilaj,Hindi,Hindi,Video,https://www.youtube.com/watch?v=2Jjz76z6F_c,2Jjz76z6F_c,,,
329,How to stop addiction in Hindi | Addiction ko kaise chhode | Dr Kashika Jain,Hindi,Hindi,Video,https://www.youtube.com/watch?v=aJP28Sp9xRQ,aJP28Sp9xRQ,,,
330,Porn addiction kaise chhode,Hindi,Hindi,Video,https://www.youtube.com/watch?v=t7Yv3K7zSiY,t7Yv3K7zSiY,,,
331,How to quit porn addiction and bad habits? - Video in Hindi by Him-eesh,Hindi,Hindi,Video,https://www.youtube.com/watch?v=eAnW7c9YQJo,eAnW7c9YQJo,,,
332,Porn ki lat se chutkara | Porn Addiction | Bad Habits | Brahmacharya,Hindi,Hindi,Video,https://www.youtube.com/watch?v=793ydNmKYKM,793ydNmKYKM,,,
333,Porn Addiction Se Kaise Bache,Hindi,Hindi,Short,https://www.youtube.com/shorts/CbzWdpjIFws,CbzWdpjIFws,,,
334,Adiccion al Sexo y a la Pornografia: Sintomas y Como Superarla,Spanish,Spanish,Video,https://www.youtube.com/watch?v=E3GmrBkkubg,E3GmrBkkubg,,,
335,Como el Porno destruye tu Cerebro (y tu vida),Spanish,Spanish,Video,https://www.youtube.com/watch?v=EerpJfNErsI,EerpJfNErsI,,,
336,Como Curar la Adiccion al Porno (Guia Definitiva),Spanish,Spanish,Video,https://www.youtube.com/watch?v=VhNr73kkotk,VhNr73kkotk,,,
337,Como salir de la adiccion al p*rno PASO A PASO,Spanish,Spanish,Video,https://www.youtube.com/watch?v=ns5O9fR-wK0,ns5O9fR-wK0,,,
338,Como VENCER la PORNOGRAFIA! Claves para SUPERAR la ADICCION,Spanish,Spanish,Video,https://www.youtube.com/watch?v=s8Mrz73Z6A0,s8Mrz73Z6A0,,,
339,Como DEJAR de ver PORNOGRAFIA | Guia Definitiva,Spanish,Spanish,Video,https://www.youtube.com/watch?v=NlILe3_kvug,NlILe3_kvug,,,
340,"Adiccion A La Pornografia - COMO SUPERARLA, con el psicologo Miguel Zammer",Spanish,Spanish,Video,https://www.youtube.com/watch?v=SjW_mNIULbU,SjW_mNIULbU,,,
341,Soy ADICTO al PORNO! Como SUPERAR la ADICCION a la PORNOGRAFIA!,Spanish,Spanish,Video,https://www.youtube.com/watch?v=37I-CvuVP_c,37I-CvuVP_c,,,
342,Como superar la adiccion a la pornografia? | Antonio Nistal,Spanish,Spanish,Video,https://www.youtube.com/watch?v=ZbSBvPW2zxI,ZbSBvPW2zxI,,,
343,Como Revertir los Efectos de la Pornografia en tu Cerebro,Spanish,Spanish,Video,https://www.youtube.com/watch?v=EVP1LcaoHog,EVP1LcaoHog,,,
344,Como parar de assistir PORNOGRAFIA para SEMPRE!,Portuguese,Portuguese,Video,https://www.youtube.com/watch?v=plPU-ugKSX8,plPU-ugKSX8,,,
345,Como LARGAR o VICIO em PORNOGRAFIA em 2024 (com Miguel Soriani),Portuguese,Portuguese,Video,https://www.youtube.com/watch?v=hZ3aP92Rzxw,hZ3aP92Rzxw,,,
346,VICIO em P*RN*GRAFIA: 5 Formas de PARAR AGORA,Portuguese,Portuguese,Video,https://www.youtube.com/watch?v=AZryT1rohlk,AZryT1rohlk,,,
347,COMO PARAR O VICIO NA PORNOGRAFIA,Portuguese,Portuguese,Video,https://www.youtube.com/watch?v=03N6qDbH1tM,03N6qDbH1tM,,,
348,Vicio em Pornografia. Como Vencer?,Portuguese,Portuguese,Video,https://www.youtube.com/watch?v=nAHCRT74scc,nAHCRT74scc,,,
349,COMO PARAR COM O VICIO EM PORNOGRAFIA - Pablo,Portuguese,Portuguese,Video,https://www.youtube.com/watch?v=C95iriMgO_k,C95iriMgO_k,,,
350,CINCO ESTRATEGIAS PARA INTERROMPER OU QUEBRAR O CICLO VICIOSO DA PORNOGRAFIA!,Portuguese,Portuguese,Video,https://www.youtube.com/watch?v=zznuyiqFqC8,zznuyiqFqC8,,,
351,Como superar o vicio em masturbacao e pornografia de uma vez por todas!,Portuguese,Portuguese,Video,https://www.youtube.com/watch?v=0X8Wu1KSt2k,0X8Wu1KSt2k,,,
352,COMO VENCER O VICIO EM PORNOGRAFIA,Portuguese,Portuguese,Video,https://www.youtube.com/watch?v=O280vGDPuGA,O280vGDPuGA,,,
353,COMO e PORQUE se LIVRAR da PORNOGRAFIA (neurociencia),Portuguese,Portuguese,Video,https://www.youtube.com/watch?v=eQ4ZD2oKufg,eQ4ZD2oKufg,,,
354,How To Stop Porn Addiction - Motivational Speech | Robert Kayanja Jr,Motivation,English,Video,https://www.youtube.com/watch?v=HqNXU0oQRVA,HqNXU0oQRVA,,,
355,How to Cure Porn Addiction? | Andrew Tate Motivational Speech,Motivation,English,Video,https://www.youtube.com/watch?v=rf0HbMDiFo4,rf0HbMDiFo4,,,
356,STOP wasting your LIFE - Take control instead (motivational speech),Motivation,English,Video,https://www.youtube.com/watch?v=Mz3yCKa1mMA,Mz3yCKa1mMA,,,
357,Motivation To Quit Porn (playlist),Motivation,English,Playlist,https://www.youtube.com/playlist?list=PL-6gbuzvSL3EuJu8KANbAlts2ry5SaWBs,PL-6gbuzvSL3EuJu8KANbAlts2ry5SaWBs,,,
358,How To Cure P#RN ADDICTS? Andrew Tate Motivational Speech,Motivation,English,Video,https://www.youtube.com/watch?v=fY_FzBtIWdE,fY_FzBtIWdE,,,
359,STOP Looking For Motivation To QUIT PORN & REBOOT YOUR LIFE,Motivation,English,Video,https://www.youtube.com/watch?v=YXIh9HQRMdI,YXIh9HQRMdI,,,
360,Porn Addiction & Monastic Wisdom w/ Jeremy Lipkowitz | Ep 108 | Secondhand Therapy Podcast,Podcasts / Long-Form,English,Video,https://www.youtube.com/watch?v=EVEYdBHvvqo,EVEYdBHvvqo,,,
361,Overcoming Porn Addiction || Pheyland Barthen || Winning Conversations Podcast,Podcasts / Long-Form,English,Video,https://www.youtube.com/watch?v=PZjUbJzPjOs,PZjUbJzPjOs,,,
362,The Porn Reboot Podcast Episode 479: Maintenance Stage of Porn Addiction,Podcasts / Long-Form,English,Video,https://www.youtube.com/watch?v=gDqNMgQ5gc8,gDqNMgQ5gc8,,,
363,Ep. 94: Porn addiction & men's mental health: Breaking the shame cycle (Jeremy Lipkowitz),Podcasts / Long-Form,English,Video,https://www.youtube.com/watch?v=sOJCtlj0fJs,sOJCtlj0fJs,,,
364,كيف نتخلص من إدمان الإباحية - محمد بن شمس الدين,Arabic,Arabic,Video,https://www.youtube.com/watch?v=Vd24PRiSL_M,Vd24PRiSL_M,,,
365,كيف تتخلص من إدمان مشاهدة الإباحية - مصطفى حسني,Arabic,Arabic,Video,https://www.youtube.com/watch?v=p3o_wTv4cW0,p3o_wTv4cW0,,,
366,الطريق إلى الحرية - كيف تتوقف عن مشاهدة الإباحية؟,Arabic,Arabic,Video,https://www.youtube.com/watch?v=dlq4jKUrJ-0,dlq4jKUrJ-0,,,
367,فاهم 52 - كيف تنقذ نفسك من إدمان الإباحية؟ مع د. محمد عبد الجواد,Arabic,Arabic,Video,https://www.youtube.com/watch?v=NqCQkjgFMqQ,NqCQkjgFMqQ,,,
368,طريقة التخلص من إدمان مشاهدة المواقع والأفلام الإباحية - فتاوى الناس,Arabic,Arabic,Video,https://www.youtube.com/watch?v=aN_Os_YnbiE,aN_Os_YnbiE,,,
369,تخلص من إدمان الإباحية للأبد - محاضرة التعافي - بودكاست بهدوء مع كريم,Arabic,Arabic,Video,https://www.youtube.com/watch?v=WZe2e7x5iyU,WZe2e7x5iyU,,,
370,أقوى 8 خطوات تخليك تبطل الإباحية نهائيا,Arabic,Arabic,Video,https://www.youtube.com/watch?v=y3rb67qqDSg,y3rb67qqDSg,,,
371,التعافي من الإباحية والعادة السرية بأسبوع واحد؟!,Arabic,Arabic,Video,https://www.youtube.com/watch?v=GLjKZNXjjTc,GLjKZNXjjTc,,,
372,PORNOSUCHT UEBERWINDEN & LOSWERDEN - WENIGER PORNOS GUCKEN,German,German,Video,https://www.youtube.com/watch?v=Z7pw7Hpp_bk,Z7pw7Hpp_bk,,,
373,5 praktische Tipps gegen Pornosucht,German,German,Video,https://www.youtube.com/watch?v=KB4YIJ1iK44,KB4YIJ1iK44,,,
374,10 Tipps um von deiner Pornosucht wegzukommen,German,German,Video,https://www.youtube.com/watch?v=056F5mvDKXk,056F5mvDKXk,,,
375,5 Klare Schritte um deine Pornosucht zu beenden,German,German,Video,https://www.youtube.com/watch?v=nVkHzenLQs4,nVkHzenLQs4,,,
376,Pornosucht? Warum du aufhoeren solltest Pornos zu schauen - mit Eliab Bashey,German,German,Video,https://www.youtube.com/watch?v=SAnAr37xsmA,SAnAr37xsmA,,,
377,"Prof. Dr. Rudolf Stark - Ursachen, Folgen und Loesungen einer Pornosucht",German,German,Video,https://www.youtube.com/watch?v=j9witeiPPRA,j9witeiPPRA,,,
378,"Pornosucht - Ursachen, Folgen und Tipps fuer Betroffene",German,German,Video,https://www.youtube.com/watch?v=1uUWsRtucG0,1uUWsRtucG0,,,
379,Suechtig nach Pornos und wie ich davon wegkam - WDR Doku,German,German,Video,https://www.youtube.com/watch?v=ZtP7je14czU,ZtP7je14czU,,,
380,Pornosucht - Wirkungsvolle Auswege aus dem Teufelskreis,German,German,Video,https://www.youtube.com/watch?v=0Js3FunPiBA,0Js3FunPiBA,,,
381,How to stop watching porn (German playlist),German,German,Playlist,https://www.youtube.com/playlist?list=PLuK6G7nC6tZcutQp7I8mF5ph1rKe5Qt1n,PLuK6G7nC6tZcutQp7I8mF5ph1rKe5Qt1n,,,
382,"Accro au porno, comment arreter ?",French,French,Video,https://www.youtube.com/watch?v=dlUIT0o9m7g,dlUIT0o9m7g,,,
383,Que faire si on est addict a la pornographie ?,French,French,Video,https://www.youtube.com/watch?v=Vh6_W4AcRZk,Vh6_W4AcRZk,,,
384,La 1ere etape indispensable pour arreter le porno,French,French,Short,https://www.youtube.com/shorts/uN3r9vjwKiM,uN3r9vjwKiM,,,
385,Comment SORTIR de l'ADDICTION au PORNO et a la MASTURBATION,French,French,Video,https://www.youtube.com/watch?v=7KWawK5UZ08,7KWawK5UZ08,,,
386,Addiction au porno (playlist),French,French,Playlist,https://www.youtube.com/playlist?list=PLEVuXJJgRp3jnGUY2xi_Qj2N_Sa0AJaxS,PLEVuXJJgRp3jnGUY2xi_Qj2N_Sa0AJaxS,,,
387,Se liberer du P*RNO - 5 STRATEGIES MENTALES,French,French,Video,https://www.youtube.com/watch?v=BmC-YD5K8bw,BmC-YD5K8bw,,,
388,ARRETER LE PORNO ? FAQ (feat. Tanguy Lafforgue & Olivier Florant),French,French,Video,https://www.youtube.com/watch?v=fvdSmxWaPaA,fvdSmxWaPaA,,,
389,Comment j'ai arrete de regarder du PORNO,French,French,Video,https://www.youtube.com/watch?v=lXcqHxBudKE,lXcqHxBudKE,,,
390,Addiction au X - comment s'en sortir ?,French,French,Video,https://www.youtube.com/watch?v=0Z_KVr8687I,0Z_KVr8687I,,,
391,Addiction au porno - Comment s'en sortir ? Les conseils d'un medecin sexologue,French,French,Video,https://www.youtube.com/watch?v=djesfmGCTRs,djesfmGCTRs,,,
392,Bahaya Industri Pornografi - Cara Berhenti Kecanduan Pornografi,Indonesian / Malay,Indonesian,Video,https://www.youtube.com/watch?v=h-q3i9Tu9Uo,h-q3i9Tu9Uo,,,
393,Cara Berhenti Kecanduan Masturbasi & Pornografi,Indonesian / Malay,Indonesian,Video,https://www.youtube.com/watch?v=059l2UHqZ3s,059l2UHqZ3s,,,
394,Kecanduan Pornografi & Masturbasi. Bisa Berhenti? Ps. Robert Nadeak - SIT IN Podcast Eps.7,Indonesian / Malay,Indonesian,Video,https://www.youtube.com/watch?v=DwDPXCuVZkI,DwDPXCuVZkI,,,
395,"Ingin Berhenti Kecanduan Pornografi, Bagaimana Caranya? Buya Yahya Menjawab",Indonesian / Malay,Indonesian,Video,https://www.youtube.com/watch?v=CONLhR4E3CA,CONLhR4E3CA,,,
396,Ustaz Adnin - 4 Cara tinggalkan ketagihan pornografi,Indonesian / Malay,Malay,Short,https://www.youtube.com/shorts/SUHXamu_sTQ,SUHXamu_sTQ,,,
397,Cara Berhenti Masturbasi (Alasan Orang Kecanduan Masturbasi dan Pornografi),Indonesian / Malay,Indonesian,Video,https://www.youtube.com/watch?v=UeeWZzuqpUk,UeeWZzuqpUk,,,
398,Cara SEMBUH Kecanduan Porno & Masturbasi TERAMPUH!,Indonesian / Malay,Indonesian,Video,https://www.youtube.com/watch?v=Z_NFSOeNPOw,Z_NFSOeNPOw,,,
399,Cara Berhenti Masturbasi dan Kecanduan Pornografi,Indonesian / Malay,Indonesian,Video,https://www.youtube.com/watch?v=eqqGfWZQXLc,eqqGfWZQXLc,,,
400,Berhenti Kecanduan Pornografi - Cara Mengatasi Kecanduan Pornografi Part 3,Indonesian / Malay,Indonesian,Video,https://www.youtube.com/watch?v=UsuLrJm_y6Q,UsuLrJm_y6Q,,,
401,WAJIB NONTON! Cara Berhenti dan Taubat dari Menonton Video Porno - Ustadz Adi Hidayat,Indonesian / Malay,Indonesian,Video,https://www.youtube.com/watch?v=w41j7HemxvA,w41j7HemxvA,,,
402,4 passi per SMETTERLA con la PORNOGRAFIA,Italian,Italian,Video,https://www.youtube.com/watch?v=VQdt1UEgekU,VQdt1UEgekU,,,
403,Come Smettere di Guardare Porno (GUIDA COMPLETA),Italian,Italian,Video,https://www.youtube.com/watch?v=8e_WA5WsH8o,8e_WA5WsH8o,,,
404,Dipendenza pornografia - la mia esperienza per gestirla,Italian,Italian,Video,https://www.youtube.com/watch?v=X4Uj_xe92xE,X4Uj_xe92xE,,,
405,La dipendenza dalla pornografia puo rovinarti la vita - Sadhguru Italiano,Italian,Italian,Video,https://www.youtube.com/watch?v=MjKvp9KpcJI,MjKvp9KpcJI,,,
406,Come liberarsi dalla pornodipendenza,Italian,Italian,Video,https://www.youtube.com/watch?v=eTK3HR4Qw-k,eTK3HR4Qw-k,,,
407,Pornografia e dipendenza,Italian,Italian,Video,https://www.youtube.com/watch?v=d2P_pQJ6QG4,d2P_pQJ6QG4,,,
408,Don Jon - come uscire dalla dipendenza da porno,Italian,Italian,Video,https://www.youtube.com/watch?v=82xw0PHTViY,82xw0PHTViY,,,
409,PORNOGRAFIA - dipendenza o cura? Dott. Valerio Rosso LIVE 105,Italian,Italian,Video,https://www.youtube.com/watch?v=cLoP7MJR6pc,cLoP7MJR6pc,,,
410,Sconfiggere la dipendenza da pornografia,Italian,Italian,Video,https://www.youtube.com/watch?v=RAh_vDXMTEU,RAh_vDXMTEU,,,
411,SEI DIPENDENTE DAL P*RNO?,Italian,Italian,Video,https://www.youtube.com/watch?v=0Z1VPThbUTI,0Z1VPThbUTI,,,
412,Pornografi Bagimliligini Nasil Birakirsiniz? Bir Daha Asla Geri Donmeyin - Dr. Berg Turkce,Turkish,Turkish,Video,https://www.youtube.com/watch?v=cI9gVYe1x1k,cI9gVYe1x1k,,,
413,Porno Bagimliligindan Kurtulma,Turkish,Turkish,Video,https://www.youtube.com/watch?v=aUfw4weMlFg,aUfw4weMlFg,,,
414,Porno Bagimliligindan Nasil Kurtulabilirsiniz? - Kamal Saleh,Turkish,Turkish,Video,https://www.youtube.com/watch?v=UPZW7bkJkdU,UPZW7bkJkdU,,,
415,Porno bagimliligindan nasil kurtulursun? - Kerem Onder,Turkish,Turkish,Short,https://www.youtube.com/shorts/fZfJjtGajKQ,fZfJjtGajKQ,,,
416,Porno Beynimizi Nasil Etkiliyor? Pornografi Bagimliligindan Kurtulma Yollari!,Turkish,Turkish,Video,https://www.youtube.com/watch?v=49e3sGzVA6c,49e3sGzVA6c,,,
417,Porno bagimlisi birine nasil bir cozum onerirsiniz? - Kerem Onder,Turkish,Turkish,Video,https://www.youtube.com/watch?v=EpARES4e-gQ,EpARES4e-gQ,,,
418,5 ADIMDA PORNOGRAFI VE MASTURBASYON BAGIMLILIGINDAN KURTULMAK,Turkish,Turkish,Video,https://www.youtube.com/watch?v=aPE9ZLVnsbM,aPE9ZLVnsbM,,,
419,Porno Bagimlisi Olabilir misin?,Turkish,Turkish,Video,https://www.youtube.com/watch?v=f-FG6yJLh4s,f-FG6yJLh4s,,,
420,P*rno bagimliligini yenmek ister misiniz?,Turkish,Turkish,Video,https://www.youtube.com/watch?v=mPF9hg6yPEw,mPF9hg6yPEw,,,
421,Porno Bagimliligindan Kurtulus Mumkun mu? - Psikolog Irem Oturaklioglu Kaya,Turkish,Turkish,Video,https://www.youtube.com/watch?v=UW8ARq2gddc,UW8ARq2gddc,,,
422,Как избавиться от порнозависимости,Russian,Russian,Short,https://www.youtube.com/shorts/-ywievEoHV8,-ywievEoHV8,,,
423,Урок 19 - Как избавиться от порнозависимости?,Russian,Russian,Video,https://www.youtube.com/watch?v=ajA1JJhiDq0,ajA1JJhiDq0,,,
424,Порнозависимость. Как избавиться - ТЕДсаммари,Russian,Russian,Video,https://www.youtube.com/watch?v=HETo3av3MHk,HETo3av3MHk,,,
425,Как избавиться от порно зависимости - био психо социо духовное заболевание,Russian,Russian,Video,https://www.youtube.com/watch?v=Ssxp6FP8RLw,Ssxp6FP8RLw,,,
426,Как избавиться от зависимости от порно? Отвечает психолог,Russian,Russian,Video,https://www.youtube.com/watch?v=NHVFMKlO5lg,NHVFMKlO5lg,,,
427,Как избавиться от порнозависимости? Часто допускаемые ошибки,Russian,Russian,Video,https://www.youtube.com/watch?v=4EYivC704f8,4EYivC704f8,,,
428,Самая тяжелая зависимость. Пытаюсь бросить,Russian,Russian,Video,https://www.youtube.com/watch?v=EbjAFNnSytg,EbjAFNnSytg,,,
429,Порнография и мастурбация. Как навсегда избавиться от зависимости?,Russian,Russian,Video,https://www.youtube.com/watch?v=kGJ_KRrYyh8,kGJ_KRrYyh8,,,
430,Как избавиться от порно зависимости и навязчивых сексуальных желаний,Russian,Russian,Video,https://www.youtube.com/watch?v=I9X-oVpwfXU,I9X-oVpwfXU,,,
431,Как бросить смотреть порно? - Джордан Питерсон,Russian,Russian,Video,https://www.youtube.com/watch?v=KjEujYUBBzc,KjEujYUBBzc,,,
432,Mark Queppet (channel),Coaches / Universal Man,English,Channel,https://www.youtube.com/channel/UC6gyVlwXwtqkn4KLjx3nDHg,channel/UC6gyVlwXwtqkn4KLjx3nDHg,,,
433,The End Of Universal Man? Mark Queppet Speaks (MQS) #0001,Coaches / Universal Man,English,Video,https://www.youtube.com/watch?v=f9S6TWjY79Q,f9S6TWjY79Q,,,
434,"The Universal Man Podcast w/ Dr. Trish Leigh & Mark Queppet, CPC",Coaches / Universal Man,English,Video,https://www.youtube.com/watch?v=es52UP5TTU8,es52UP5TTU8,,,
435,How to QUIT Pornography feat. Mark Queppet - Ep. 31,Coaches / Universal Man,English,Video,https://www.youtube.com/watch?v=Vkr8u-gAxZs,Vkr8u-gAxZs,,,
436,LIVE Interview With Mark Queppet from Universal Man,Coaches / Universal Man,English,Video,https://www.youtube.com/watch?v=WhLBekdIGnU,WhLBekdIGnU,,,
437,"Universal Man Coaching Call - Porn Addiction, Channelling",Coaches / Universal Man,English,Video,https://www.youtube.com/watch?v=RPzR7POl2KQ,RPzR7POl2KQ,,,
438,Universal Man Daily Series (playlist),Coaches / Universal Man,English,Playlist,https://www.youtube.com/playlist?list=PL38uJEf-kRcasabQtRRAXCmakkKwaqaRa,PL38uJEf-kRcasabQtRRAXCmakkKwaqaRa,,,
439,"포르노, 야동을 끊으려고 노력하면 안 되는 이유 [도파민, 중독]",Korean,Korean,Video,https://www.youtube.com/watch?v=teMCs7UY5fk,teMCs7UY5fk,,,
440,닥터U의 포르노와 포르노중독 - 중독에서 벗어나는 방법,Korean,Korean,Video,https://www.youtube.com/watch?v=trhzBn5QnWo,trhzBn5QnWo,,,
441,"도파민에 중독된 나, 포르노 중독과 발기부전",Korean,Korean,Video,https://www.youtube.com/watch?v=tzT7c8sBQOc,tzT7c8sBQOc,,,
442,"포르노(av)를 끊는 법-3, 중독치료법 3 by 핵쎈언니",Korean,Korean,Video,https://www.youtube.com/watch?v=GGHaBfFBous,GGHaBfFBous,,,
443,[음란물 중독] 야동 중독되면? 뇌도 변하고 얼굴도 변합니다,Korean,Korean,Video,https://www.youtube.com/watch?v=FvRSSrmq8ks,FvRSSrmq8ks,,,
444,#5 교회형이 쓴 음란물 끊기의 정석,Korean,Korean,Video,https://www.youtube.com/watch?v=YHEXZe2xW_M,YHEXZe2xW_M,,,
445,"폭식증, 거식증과 비교해보는 포르노 중독",Korean,Korean,Video,https://www.youtube.com/watch?v=lbyPexf_8WA,lbyPexf_8WA,,,
446,음란물 못 끊는 사람이 봐야 할 영상 - 포르노 그리고 당신의 뇌,Korean,Korean,Video,https://www.youtube.com/watch?v=f75sInTSg7k,f75sInTSg7k,,,
447,포르노 중독이 끊어지도록 기도해드려요 - 김성재 목사,Korean,Korean,Short,https://www.youtube.com/shorts/F9UTQYzH9dc,F9UTQYzH9dc,,,
448,メリットいっぱい ポルノを断つと起こる変化と断つ方法／ポルノ依存,Japanese,Japanese,Video,https://www.youtube.com/watch?v=vc9pOhcXhQ8,vc9pOhcXhQ8,,,
449,20分で解説 ポルノ中毒 やめられない脳と中毒の科学,Japanese,Japanese,Video,https://www.youtube.com/watch?v=nn1ibeQ72bA,nn1ibeQ72bA,,,
450,図解アリ 神経科学者 ポルノ依存が脳を狂わす理由と沼を抜け出す4つの方法,Japanese,Japanese,Video,https://www.youtube.com/watch?v=rf3EvGekvNA,rf3EvGekvNA,,,
451,この方法でポルノやめたら男も女も300%人生激変した 本要約,Japanese,Japanese,Video,https://www.youtube.com/watch?v=vHpHHUmkUMw,vHpHHUmkUMw,,,
452,この4つを守れば100%ポルノ依存症を克服できます ハードモード,Japanese,Japanese,Video,https://www.youtube.com/watch?v=1eDTclrljX4,1eDTclrljX4,,,
453,医者が教える ネットポルノ依存症って？見過ぎると起きる怖い弊害,Japanese,Japanese,Video,https://www.youtube.com/watch?v=KhB_eiW9TpE,KhB_eiW9TpE,,,
454,ポルノ依存症 脳が壊れ現実がどうでもよくなる,Japanese,Japanese,Video,https://www.youtube.com/watch?v=BqrZPEhX_aE,BqrZPEhX_aE,,,
455,恋愛のプロ視点 ポルノ中毒が脳を破壊する理由と中毒から脱出する5つの方法,Japanese,Japanese,Video,https://www.youtube.com/watch?v=wiyDsbFs1bE,wiyDsbFs1bE,,,
456,重症者向け 深刻なネットポルノ中毒から抜け出す方法,Japanese,Japanese,Video,https://www.youtube.com/watch?v=N8Xxj16eWjE,N8Xxj16eWjE,,,
457,誠実男子 - ポルノを断ち本当の自分を取り戻すためのチャンネル,Japanese,Japanese,Channel,https://www.youtube.com/channel/UCmyicr9-ZlJSbYFjfdI0MWw,channel/UCmyicr9-ZlJSbYFjfdI0MWw,,,
458,為何性慾誘惑如此難抗拒？如何戒色？微笑雪莉,Chinese,Chinese,Video,https://www.youtube.com/watch?v=BXveOIR944A,BXveOIR944A,,,
459,戒色 - 看完這部影片你就不會再手淫了,Chinese,Chinese,Video,https://www.youtube.com/watch?v=VAPaInHMfxk,VAPaInHMfxk,,,
460,時代當下 - 我和戒色吧網友面基了 - 箭厂 ArrowFactory Doc,Chinese,Chinese,Video,https://www.youtube.com/watch?v=6OH0zUUv5pI,6OH0zUUv5pI,,,
461,禁慾 - 30天改變你的人生 - 如何戒掉手淫,Chinese,Chinese,Video,https://www.youtube.com/watch?v=-fI2isoYACQ,-fI2isoYACQ,,,
462,戒色视频29 - 原来戒色的感觉这么爽 九位戒友分享心得,Chinese,Chinese,Video,https://www.youtube.com/watch?v=FPboVRSv5Kw,FPboVRSv5Kw,,,
463,戒色视频 - 熬夜+久坐+纵欲=完蛋 戒友分享心得,Chinese,Chinese,Video,https://www.youtube.com/watch?v=dZqZ4nSqD-A,dZqZ4nSqD-A,,,
464,戒色第13天 戒色快兩週的好處,Chinese,Chinese,Short,https://www.youtube.com/shorts/d7ZgN1A8TPk,d7ZgN1A8TPk,,,
465,戒色视频13 - 我的戒手淫体会及戒后十年的感想,Chinese,Chinese,Video,https://www.youtube.com/watch?v=XFMWMXzGeyU,XFMWMXzGeyU,,,
466,手淫太頻繁 - 關於戒色和禁欲的正確方法 無有淺談 素樸,Chinese,Chinese,Video,https://www.youtube.com/watch?v=PkJtlRelSoo,PkJtlRelSoo,,,
467,Jak rzucic uzaleznienie od PORNOGRAFII,Polish,Polish,Video,https://www.youtube.com/watch?v=5-dKFGeAxKM,5-dKFGeAxKM,,,
468,Jak rzucic PORNO? Poznaj system resetujacy mozg! - Sports-Med,Polish,Polish,Video,https://www.youtube.com/watch?v=S_0Qdaz4Dys,S_0Qdaz4Dys,,,
469,Jak wyjsc z UZALEZNIENIA od PO*NO? DESEKSUALIZACJA MOZGU,Polish,Polish,Video,https://www.youtube.com/watch?v=kS2nEyn1KeQ,kS2nEyn1KeQ,,,
470,Uzaleznienie od pornografii - jak sobie radzic (wersja zaktualizowana),Polish,Polish,Video,https://www.youtube.com/watch?v=uLIIqOY3uOg,uLIIqOY3uOg,,,
471,Jak uwolnic sie od pornografii? [#2] Nalog i pomoc techniczna,Polish,Polish,Video,https://www.youtube.com/watch?v=5xzfG9saTVw,5xzfG9saTVw,,,
472,Jak SKUTECZNIE uwolnic sie od PORNO? Rozmowa z uzaleznionym,Polish,Polish,Video,https://www.youtube.com/watch?v=f8gPAwV5UMc,f8gPAwV5UMc,,,
473,Pornografia i masturbacja - Jak wyjsc z uzaleznienia? dr inz. Jacek Pulikowski,Polish,Polish,Video,https://www.youtube.com/watch?v=vGZgTgtXB68,vGZgTgtXB68,,,
474,Jak wyjsc z nalogow seksualnych - dr inz. Jacek Pulikowski,Polish,Polish,Video,https://www.youtube.com/watch?v=i8AYWl2lsZs,i8AYWl2lsZs,,,
475,Jak pokonac uzaleznienie od porno?,Polish,Polish,Video,https://www.youtube.com/watch?v=u0TDDhjdWz0,u0TDDhjdWz0,,,
476,De verborgen wereld van p*rnoverslaving - Undercover Sven S3 #2,Dutch,Dutch,Video,https://www.youtube.com/watch?v=x_nab_M9nrU,x_nab_M9nrU,,,
477,Wat er echt gebeurt als je stopt met masturberen - Pointer Checkt #59,Dutch,Dutch,Video,https://www.youtube.com/watch?v=g0cI2LW_bj0,g0cI2LW_bj0,,,
478,Thomas was nieuwsgierig naar porno en raakte verslaafd - Week van Verslaving 2024,Dutch,Dutch,Video,https://www.youtube.com/watch?v=jd6bzKmvpSU,jd6bzKmvpSU,,,
479,"Denkstof #28 - Afkicken van een pornoverslaving, het kan!",Dutch,Dutch,Video,https://www.youtube.com/watch?v=w038Tc8ZK4k,w038Tc8ZK4k,,,
480,Aantal p*rnoverslaafden stijgt enorm,Dutch,Dutch,Video,https://www.youtube.com/watch?v=fbeqdTHX2Q0,fbeqdTHX2Q0,,,
481,Afkicken van een PORNO VERSLAVING - 11 Tips,Dutch,Dutch,Video,https://www.youtube.com/watch?v=K3eISMX5wBY,K3eISMX5wBY,,,
482,Seks- en of porno verslaving - Hoop doet leven,Dutch,Dutch,Video,https://www.youtube.com/watch?v=wsitYayS_II,wsitYayS_II,,,
483,Wanneer pornoverslaving uit de hand loopt,Dutch,Dutch,Video,https://www.youtube.com/watch?v=Zy-P4kgKP5g,Zy-P4kgKP5g,,,
484,Porno heeft mijn brein kapot gemaakt - Explainer porno,Dutch,Dutch,Video,https://www.youtube.com/watch?v=1gLrGPazeac,1gLrGPazeac,,,
485,Verslaafd aan online porno - Xpedition Glory,Dutch,Dutch,Video,https://www.youtube.com/watch?v=T0wz2GwaWfQ,T0wz2GwaWfQ,,,
486,Gabe Deem of Reboot Nation Interviewed (on recovery from PIED and unhealthy porn use),Reboot Nation / Gabe Deem,English,Video,https://www.youtube.com/watch?v=gzD1O87Ag8U,gzD1O87Ag8U,,,
487,Porn Is A Public Health Issue - Gabe Deem,Reboot Nation / Gabe Deem,English,Video,https://www.youtube.com/watch?v=J2KrTBicyrQ,J2KrTBicyrQ,,,
488,That Time Gabe Deem Told Katie Couric Porn Gave Him a Limp Penis,Reboot Nation / Gabe Deem,English,Video,https://www.youtube.com/watch?v=M9VSYf7jEOg,M9VSYf7jEOg,,,
489,Reimagining Masculinity featuring Reboot Nation founder Gabe Deem,Reboot Nation / Gabe Deem,English,Video,https://www.youtube.com/watch?v=_bw7H8D_TLs,_bw7H8D_TLs,,,
490,"Why Gabe Deem Stayed Away From CRACK, But Not PORN - Chelsea Handler",Reboot Nation / Gabe Deem,English,Video,https://www.youtube.com/watch?v=h8jgFdHarQU,h8jgFdHarQU,,,
491,Porn's Impact on Kids - A Serious Issue - Gabe Deem on Capitol Hill,Reboot Nation / Gabe Deem,English,Video,https://www.youtube.com/watch?v=UUU3X0uZ_Zw,UUU3X0uZ_Zw,,,
492,The Reboot Nation (channel),Reboot Nation / Gabe Deem,English,Channel,https://www.youtube.com/channel/UCaEqbNJURD6ChROqueUdNuA,channel/UCaEqbNJURD6ChROqueUdNuA,,,
493,"Gabe - Founder of Reboot Nation, Activist & Former Porn Addict",Reboot Nation / Gabe Deem,English,Video,https://www.youtube.com/watch?v=6VOjk3nhR2Y,6VOjk3nhR2Y,,,
494,Your Brain On Porn w/ Gabe Deem,Reboot Nation / Gabe Deem,English,Video,https://www.youtube.com/watch?v=163_-hinTk4,163_-hinTk4,,,
495,How to QUIT PORN and REWIRE With a Partner - Relationship Advice,Reboot Nation / Gabe Deem,English,Video,https://www.youtube.com/watch?v=D1nZmYBa5-s,D1nZmYBa5-s,,,
496,The Biggest Unmet Need - The Mindful Habit,Coaches / The Mindful Habit,English,Video,https://www.youtube.com/watch?v=Xna1fht0GnY,Xna1fht0GnY,,,
497,"Craig Perra, The Mindful Habit (channel)",Coaches / The Mindful Habit,English,Channel,https://www.youtube.com/user/themindfulhabit,user/themindfulhabit,,,
498,Craig Perra Interview (Porn Addiction),Coaches / The Mindful Habit,English,Video,https://www.youtube.com/watch?v=k1le-LRRd2I,k1le-LRRd2I,,,
499,Understanding CSATs - Choosing the Right Sex Addiction Therapist,Coaches / The Mindful Habit,English,Video,https://www.youtube.com/watch?v=ebdSHi-Ggvo,ebdSHi-Ggvo,,,
500,Mindfulness Basic Training for Sex & Porn Addicts - The Mindful Habit,Coaches / The Mindful Habit,English,Video,https://www.youtube.com/watch?v=pa0oCUBBUkE,pa0oCUBBUkE,,,
501,The Mindful Habit (channel),Coaches / The Mindful Habit,English,Channel,https://www.youtube.com/channel/UC2rmW_Ue6qe6GoKGLS84-uw,channel/UC2rmW_Ue6qe6GoKGLS84-uw,,,
502,Finding Balance - Overcoming Sex and Porn Addiction with the REST Approach,Coaches / The Mindful Habit,English,Video,https://www.youtube.com/watch?v=i2TRHoIhosw,i2TRHoIhosw,,,
503,The Mindful Habit with Craig Perra,Coaches / The Mindful Habit,English,Video,https://www.youtube.com/watch?v=pC9kHBmT954,pC9kHBmT954,,,
504,The Shocking Link Between Posture and Mood - Sex & Porn Addiction Edition,Coaches / The Mindful Habit,English,Video,https://www.youtube.com/watch?v=qR4z-pppGk4,qR4z-pppGk4,,,
505,Set Goals or Fail in Your Fight Against Sex Addiction and Porn Addiction,Coaches / The Mindful Habit,English,Video,https://www.youtube.com/watch?v=K2XWhJ9yJ-Y,K2XWhJ9yJ-Y,,,
506,DEEP CLEAN Your Life Free Of Porn w/ Sathiya Sam - The Super Human Life Ep. 74,Coaches / Sathiya Sam,English,Video,https://www.youtube.com/watch?v=6sUNouCPk8E,6sUNouCPk8E,,,
507,Sathiya Sam - How To Quit P*rn For Good,Coaches / Sathiya Sam,English,Video,https://www.youtube.com/watch?v=vjsRzk5oWoE,vjsRzk5oWoE,,,
508,The Last Relapse - Sathiya Sam,Coaches / Sathiya Sam,English,Video,https://www.youtube.com/watch?v=f7ngtl7t82A,f7ngtl7t82A,,,
509,Sathiya Sam Interview,Coaches / Sathiya Sam,English,Video,https://www.youtube.com/watch?v=2Um3xIPBU1k,2Um3xIPBU1k,,,
510,Sathiya Sam (channel),Coaches / Sathiya Sam,English,Channel,https://www.youtube.com/@sathiyasam2479,@sathiyasam2479,,,
511,Special interview with Life Coach and Author Sathiya Sam,Coaches / Sathiya Sam,English,Video,https://www.youtube.com/watch?v=DFlM5KbbYJQ,DFlM5KbbYJQ,,,
512,How Porn Is Quietly Destroying Millions of Men - Sathiya Sam,Coaches / Sathiya Sam,English,Video,https://www.youtube.com/watch?v=wGkw-iMFL-0,wGkw-iMFL-0,,,
513,How to Address Porn Addiction and Find the Path to Recovery with Sathiya Sam,Coaches / Sathiya Sam,English,Video,https://www.youtube.com/watch?v=zhuIT7-V6Co,zhuIT7-V6Co,,,
514,The Last Relapse with Sathiya Sam,Coaches / Sathiya Sam,English,Video,https://www.youtube.com/watch?v=nD_Bob7Ib-s,nD_Bob7Ib-s,,,
515,Sathiya Sam - Recovered Porn Consumer & Recovery Coach - Consider Before Consuming Podcast,Coaches / Sathiya Sam,English,Video,https://www.youtube.com/watch?v=PtjkR-B-8z0,PtjkR-B-8z0,,,
516,How to Quit Porn Fast - The 3 Brain Recovery Stages,General / Overview,English,Video,https://www.youtube.com/watch?v=3Qm_vOm0c6Y,3Qm_vOm0c6Y,,,
517,How to Kick Your P**n Habit in 35 Minutes,General / Overview,English,Video,https://www.youtube.com/watch?v=QJvHglNMsqc,QJvHglNMsqc,,,
518,"If you can't quit p*rn, this is for you",General / Overview,English,Video,https://www.youtube.com/watch?v=fiP4GtAUm5I,fiP4GtAUm5I,,,
519,WARNING - Po*n Addiction is Destroying You - 5 Ways to STOP it NOW! Ashu Ghai,General / Overview,English,Video,https://www.youtube.com/watch?v=Bw47gpm0doU,Bw47gpm0doU,,,
520,How to Stop Porn Addiction - Dopamine Hijack,General / Overview,English,Video,https://www.youtube.com/watch?v=xDJKMqVfUXM,xDJKMqVfUXM,,,
521,How to Quit Porn Permanently,General / Overview,English,Video,https://www.youtube.com/watch?v=7-qSrapHAbQ,7-qSrapHAbQ,,,
522,Po*n చూడటం ఎలా మానుకోవాలి? Quit Po*n Addiction (5 Practical Steps) - Fit Tuber Telugu,Telugu,Telugu,Video,https://www.youtube.com/watch?v=rHA8RuRTBGs,rHA8RuRTBGs,,,
523,పొర్నోగ్రఫి మానకపోతే ఏమౌతుంది? Porn addiction - What is Dopamine in Telugu,Telugu,Telugu,Video,https://www.youtube.com/watch?v=9U6VtkXUhiM,9U6VtkXUhiM,,,
524,How To Quit Any Addiction and Bad Habits - Porn Addiction In Telugu,Telugu,Telugu,Video,https://www.youtube.com/watch?v=yv29M-_O5eA,yv29M-_O5eA,,,
525,Porn Addiction - Telugu - Venu Inner Voice - IMPACT 2020,Telugu,Telugu,Video,https://www.youtube.com/watch?v=PvELlcDKeQU,PvELlcDKeQU,,,
526,Porn Addiction - Lesson Number 2 Explained in Telugu,Telugu,Telugu,Video,https://www.youtube.com/watch?v=pJ-2gSPR3eY,pJ-2gSPR3eY,,,
527,HOW to STOP PORN ADDICTION in Telugu,Telugu,Telugu,Video,https://www.youtube.com/watch?v=PCiSPn4LoGA,PCiSPn4LoGA,,,
528,Pornography Addiction Problems And Solutions In Telugu - Sunrise Tv Telugu,Telugu,Telugu,Video,https://www.youtube.com/watch?v=YY5Fur20Ov8,YY5Fur20Ov8,,,
529,Why S*x Education Is Important In India? Porn Addiction Explained In Telugu - Venu Kalyan,Telugu,Telugu,Video,https://www.youtube.com/watch?v=Ttcff0FWGgg,Ttcff0FWGgg,,,
530,Pornography Addiction Telugu - How to Get Rid from Pornography,Telugu,Telugu,Short,https://www.youtube.com/shorts/PfZHZCh7afE,PfZHZCh7afE,,,
531,ஆபாச பழக்கத்திலிருந்து விடுபட 6 வழிகள் - How to Overcome Porn Addiction? Tamil,Tamil,Tamil,Video,https://www.youtube.com/watch?v=uQLRYYL-bb8,uQLRYYL-bb8,,,
532,পর্ন আসক্তি থেকে মুক্তি সম্ভব - মো সাদেক হোসেন মিনহাজ - Bangla Book Review,Bengali,Bengali,Video,https://www.youtube.com/watch?v=XU9xR-IVSNg,XU9xR-IVSNg,,,
533,পর্নোগ্রাফি থেকে মুক্তির সহজ উপায় - Zannatul Ferdous Psychologist,Bengali,Bengali,Video,https://www.youtube.com/watch?v=6UQN1J8lmV8,6UQN1J8lmV8,,,
534,৭ দিনে পর্ন ও হস্তমৈথুনের আসক্তি থেকে মুক্তি - Dr. Asif Anowar,Bengali,Bengali,Video,https://www.youtube.com/watch?v=R-D9OLXuFJ8,R-D9OLXuFJ8,,,
535,পর্নোগ্রাফি আসক্তি থেকে বাঁচার সহজ উপায় - ডাঃ শাহনাজ চৌধুরী,Bengali,Bengali,Video,https://www.youtube.com/watch?v=ufCjtlyq6i8,ufCjtlyq6i8,,,
536,পর্ণ আসক্তি থেকে মুক্তির উপায় - এনামুল হক চৌধুরী - AT-TAQWA MASJID,Bengali,Bengali,Video,https://www.youtube.com/watch?v=TCq8_RBYPVk,TCq8_RBYPVk,,,
537,পর্ন আসক্তি থেকে মুক্তির ১৪টি উপায় - Dr. Golam Mostofa Milon,Bengali,Bengali,Video,https://www.youtube.com/watch?v=VX5RhZ5CbwI,VX5RhZ5CbwI,,,
538,পর্ণ আসক্তি থেকে বাঁচার উপায় - এই ভুলটি করবেন না,Bengali,Bengali,Video,https://www.youtube.com/watch?v=X_NSWUM4IDE,X_NSWUM4IDE,,,
539,পর্ণ আসক্তি - পর্ণ কতটা ভয়াবহ - মুক্তির উপায়,Bengali,Bengali,Video,https://www.youtube.com/watch?v=R_K0ZCNXVOY,R_K0ZCNXVOY,,,
540,পর্ণ আসক্তি ও হস্তমৈথুনের বদভ্যাস থেকে বাঁচার ৫ উপায়,Bengali,Bengali,Video,https://www.youtube.com/watch?v=cjoJ2peZz6E,cjoJ2peZz6E,,,
541,অশ্লীল যৌনচিত্র আসক্তি থেকে মুক্তির উপায় - Pornography,Bengali,Bengali,Video,https://www.youtube.com/watch?v=k4-_P9LqUF0,k4-_P9LqUF0,,,
542,Os PERIGOS da PORNOGRAFIA e como VENCER O VICIO - Psicologa Explica,Portuguese,Portuguese,Video,https://www.youtube.com/watch?v=q54Ro_uzfR4,q54Ro_uzfR4,,,
543,Como interromper o vicio em pornografia?,Portuguese,Portuguese,Video,https://www.youtube.com/watch?v=JHUgZkdL5x4,JHUgZkdL5x4,,,
544,Como Vencer a Pornografia (e Libertar-se Deste Desejo) - Dr. Cesar Psiquiatra,Portuguese,Portuguese,Video,https://www.youtube.com/watch?v=DJIaJLdmr74,DJIaJLdmr74,,,
545,Vicio em pornografia digital - Psicologa Lilian Felix,Portuguese,Portuguese,Video,https://www.youtube.com/watch?v=_raLwMghgIM,_raLwMghgIM,,,
546,COMO COMBATER O VICIO DA PORNOGRAFIA - Padre Manzotti,Portuguese,Portuguese,Video,https://www.youtube.com/watch?v=wzIGLelYfzM,wzIGLelYfzM,,,
547,Como se libertar da Pornografia?,Portuguese,Portuguese,Video,https://www.youtube.com/watch?v=J8o84rY9tuE,J8o84rY9tuE,,,
548,VICIO EM PORNOGRAFIA (Quais os sintomas e tratamento?),Portuguese,Portuguese,Video,https://www.youtube.com/watch?v=Yl7i2wPninA,Yl7i2wPninA,,,
549,"Craig Gross XXXChurch - on Porn Addiction, Quitting Homosexuality",XXXchurch / Craig Gross,English,Video,https://www.youtube.com/watch?v=e-dYl7ZLTkg,e-dYl7ZLTkg,,,
550,Craig Gross - Better Than Porn (Randy Robison / LIFE Today),XXXchurch / Craig Gross,English,Video,https://www.youtube.com/watch?v=oLU64NwAxr4,oLU64NwAxr4,,,
551,Overcoming Porn Addiction - with Craig Gross,XXXchurch / Craig Gross,English,Video,https://www.youtube.com/watch?v=J1vC7xIls9M,J1vC7xIls9M,,,
552,Craig Gross on The Hour with George Stroumboulopoulos,XXXchurch / Craig Gross,English,Video,https://www.youtube.com/watch?v=k1WL8yF7SDE,k1WL8yF7SDE,,,
553,Anti-Porn AND Anti-Gay? Awesome!,XXXchurch / Craig Gross,English,Video,https://www.youtube.com/watch?v=asFGoWc_z5M,asFGoWc_z5M,,,
554,XXXchurch - Ron Jeremy and Craig Gross Porn Debate Cincinnati,XXXchurch / Craig Gross,English,Video,https://www.youtube.com/watch?v=zjgdPtOBRnk,zjgdPtOBRnk,,,
555,XXXchurch (channel),XXXchurch / Craig Gross,English,Channel,https://www.youtube.com/channel/UCurfFVUPxe5SveKb8gDuR4Q,channel/UCurfFVUPxe5SveKb8gDuR4Q,,,
556,Rock Church - Special Message from XXXChurch Pastor Craig Gross,XXXchurch / Craig Gross,English,Video,https://www.youtube.com/watch?v=Vx3K6rYHIyw,Vx3K6rYHIyw,,,
557,XXXchurch - CNN Headline News Live covers Porn Debate,XXXchurch / Craig Gross,English,Video,https://www.youtube.com/watch?v=hgwwnnePKdY,hgwwnnePKdY,,,
558,Craig Gross and Donny Pauling vs. Ron Jeremy and Monique Alexander at Yale University,XXXchurch / Craig Gross,English,Video,https://www.youtube.com/watch?v=aD1JpwvgcsY,aD1JpwvgcsY,,,
559,Pure Desire Ministries (channel),Pure Desire / Conquer Series,English,Channel,https://www.youtube.com/c/PureDesireMinistries,c/PureDesireMinistries,,,
560,Conquer Series Trailer - legacy version,Pure Desire / Conquer Series,English,Video,https://www.youtube.com/watch?v=GMMMEnpYcEM,GMMMEnpYcEM,,,
561,Conquer Series - Pornography & Sexual Integrity Explored,Pure Desire / Conquer Series,English,Short,https://www.youtube.com/shorts/aHs5NGii-T8,aHs5NGii-T8,,,
562,Conquer Series Group,Pure Desire / Conquer Series,English,Video,https://www.youtube.com/watch?v=a9sTl0hG8Ac,a9sTl0hG8Ac,,,
563,Introducing The Conquer Series,Pure Desire / Conquer Series,English,Video,https://www.youtube.com/watch?v=EYNaG2dcHE4,EYNaG2dcHE4,,,
564,The Conquer Series - Best Christian Recovery? KingdomWorks Studios - Ted Roberts,Pure Desire / Conquer Series,English,Video,https://www.youtube.com/watch?v=bcArW8YzS1A,bcArW8YzS1A,,,
565,Pure Desire,Pure Desire / Conquer Series,English,Video,https://www.youtube.com/watch?v=PkWSr2lMEgk,PkWSr2lMEgk,,,
566,The Connection Between Sex Trafficking And Pornography - Pure Desire Ministries,Pure Desire / Conquer Series,English,Video,https://www.youtube.com/watch?v=lxqlYMzqQBw,lxqlYMzqQBw,,,
567,Pure Desire Podcast (playlist),Pure Desire / Conquer Series,English,Playlist,https://www.youtube.com/playlist?list=PLUx5fJkQC_bDLjU7UBD9Zq6Mhrs8hOchC,PLUx5fJkQC_bDLjU7UBD9Zq6Mhrs8hOchC,,,
568,People Are Getting ADDICTED To AI Chatbot Lovers,AI Porn / Digital Intimacy,English,Video,https://www.youtube.com/watch?v=fsHcHr7OqI0,fsHcHr7OqI0,,,
569,How AI Porn Can Interfere with Our Love Life,AI Porn / Digital Intimacy,English,Video,https://www.youtube.com/watch?v=VUoILWeoOLU,VUoILWeoOLU,,,
570,"AI Porn Shift by ChatGPT is Shocking, Says Pandorabots CEO",AI Porn / Digital Intimacy,English,Video,https://www.youtube.com/watch?v=NNKz8Hyoy9Q,NNKz8Hyoy9Q,,,
571,"Wie gefaehrlich sind Sex-Bots, AI-Pornos und KI-Freunde? Jessica Szczuka",AI Porn / Digital Intimacy,German,Video,https://www.youtube.com/watch?v=YK109ceTnpo,YK109ceTnpo,,,
572,Concerns grow over access for youth to AI chatbots designed to simulate sexual intimacy,AI Porn / Digital Intimacy,English,Video,https://www.youtube.com/watch?v=pDOTi24xTfI,pDOTi24xTfI,,,
573,Addicted To Her AI Boyfriend,AI Porn / Digital Intimacy,English,Video,https://www.youtube.com/watch?v=0WS68I6PY-4,0WS68I6PY-4,,,
574,I'm Addicted to AI Porn,AI Porn / Digital Intimacy,English,Video,https://www.youtube.com/watch?v=TINhK4ZucPs,TINhK4ZucPs,,,
575,The Reason People Fall in Love with AI is Dumber Than We Thought,AI Porn / Digital Intimacy,English,Video,https://www.youtube.com/watch?v=unZwULIS6RQ,unZwULIS6RQ,,,
576,People are getting too attached to AI,AI Porn / Digital Intimacy,English,Video,https://www.youtube.com/watch?v=E1rHbyZ03T0,E1rHbyZ03T0,,,
577,I am Addicted to AI Girlfriend Chatbots,AI Porn / Digital Intimacy,English,Video,https://www.youtube.com/watch?v=UZJeBXVU0Fc,UZJeBXVU0Fc,,,
578,"I spent $20,000 on OnlyFans (my addiction)",OnlyFans / Camming,English,Video,https://www.youtube.com/watch?v=9ptXXG1wttk,9ptXXG1wttk,,,
579,Meet the Man Who Spent over $60K on OnlyFans in One Month,OnlyFans / Camming,English,Video,https://www.youtube.com/watch?v=CLdKBnELts0,CLdKBnELts0,,,
580,Man Spends $100k On Only Fans Model & INSTANTLY Regrets It,OnlyFans / Camming,English,Video,https://www.youtube.com/watch?v=bT5_rR6lg0g,bT5_rR6lg0g,,,
581,"My boyfriend blew 8,000 pounds on his OnlyFans addiction",OnlyFans / Camming,English,Video,https://www.youtube.com/watch?v=qibMWRh3X8s,qibMWRh3X8s,,,
582,Inside The Secret World Of An OnlyFans Addict,OnlyFans / Camming,English,Video,https://www.youtube.com/watch?v=X-cQ8k60R0A,X-cQ8k60R0A,,,
583,Advice on OnlyFans Addiction & Being Forever Alone - Discord Submissions,OnlyFans / Camming,English,Video,https://www.youtube.com/watch?v=JnPyjTFBV9k,JnPyjTFBV9k,,,
584,We spent how much on OnlyFans?,OnlyFans / Camming,English,Video,https://www.youtube.com/watch?v=DBDITHhbNgs,DBDITHhbNgs,,,
585,STOP SPENDING MONEY ON ONLYFANS,OnlyFans / Camming,English,Video,https://www.youtube.com/watch?v=aWSQconar0I,aWSQconar0I,,,
586,Man opens up about his addiction to OnlyFans after being Romance Scammed,OnlyFans / Camming,English,Video,https://www.youtube.com/watch?v=ADnsHLEqxI8,ADnsHLEqxI8,,,
587,"Neurodivergence and Porn Viewing - Understanding ADHD, Autism, and OCD",ADHD / Autism / OCD,English,Video,https://www.youtube.com/watch?v=fZIVyRsJDK0,fZIVyRsJDK0,,,
588,"Porn, Autism, and ADHD - Embracing Neurodiversity (with Candice Christiansen)",ADHD / Autism / OCD,English,Video,https://www.youtube.com/watch?v=frItn-A5cSc,frItn-A5cSc,,,
589,Porn Addiction and ADHD (w/ Dr. Trish Leigh),ADHD / Autism / OCD,English,Short,https://www.youtube.com/shorts/_q98O_9HNsE,_q98O_9HNsE,,,
590,"Porn & Sex Addiction, Sexuality & Autism with Candice Christiansen",ADHD / Autism / OCD,English,Video,https://www.youtube.com/watch?v=Cpxk8AgyanY,Cpxk8AgyanY,,,
591,Porn Induced ADHD is REAL - Dr. Trish Leigh,ADHD / Autism / OCD,English,Short,https://www.youtube.com/shorts/E1KmjxPwusk,E1KmjxPwusk,,,
592,Nicole Prause PhD - You're Probably Not Addicted to Porn,Debate / Is It Real?,English,Video,https://www.youtube.com/watch?v=7w6BlHa54gw,7w6BlHa54gw,,,
593,Dr David Ley - Porn Addiction is a Myth,Debate / Is It Real?,English,Video,https://www.youtube.com/watch?v=9ytGgLtQKHk,9ytGgLtQKHk,,,
594,"607 Nicole Prause - Sex, Porn, and Addiction",Debate / Is It Real?,English,Video,https://www.youtube.com/watch?v=zu7ykaxn1TY,zu7ykaxn1TY,,,
595,Episode 77 - Can I Be Addicted to Porn? with Dr. Nicole Prause,Debate / Is It Real?,English,Video,https://www.youtube.com/watch?v=0zAukh0tLlo,0zAukh0tLlo,,,
596,David Ley (channel),Debate / Is It Real?,English,Channel,https://www.youtube.com/@davidley494,@davidley494,,,
597,What Does the Research Really Say About Porn? Dr. Nicole Prause Debunks Anti-Porn Myths,Debate / Is It Real?,English,Video,https://www.youtube.com/watch?v=fqsBWnPfr8o,fqsBWnPfr8o,,,
598,"Porn, Religion, and The Myth of Sex Addiction",Debate / Is It Real?,English,Video,https://www.youtube.com/watch?v=1e1DXEBzupw,1e1DXEBzupw,,,
599,78 Re-Release - What Research has to Say about Porn Viewing with Nicole Prause,Debate / Is It Real?,English,Video,https://www.youtube.com/watch?v=vInXzhYBv0c,vInXzhYBv0c,,,
600,Does Semen Retention Boost Testosterone? The Science Behind NoFap Explained,Semen Retention / Myths,English,Video,https://www.youtube.com/watch?v=UIrw5HoYisc,UIrw5HoYisc,,,
601,Does Semen Retention (NoFap) REALLY increase testosterone?,Semen Retention / Myths,English,Video,https://www.youtube.com/watch?v=6PJlaykFF9g,6PJlaykFF9g,,,
602,Semen retention - ye sab bakwas hai - NoFap benefits or myth,Semen Retention / Myths,Hindi,Video,https://www.youtube.com/watch?v=cPV9YAXmLc0,cPV9YAXmLc0,,,
603,NOFAP DOES NOT INCREASE TESTOSTERONE 145% - STUDY - RANT,Semen Retention / Myths,English,Video,https://www.youtube.com/watch?v=l54Af-adfXE,l54Af-adfXE,,,
604,"Is semen retention really beneficial, or is it just a myth?",Semen Retention / Myths,English,Video,https://www.youtube.com/watch?v=b5Do9h9ZxXA,b5Do9h9ZxXA,,,
605,Semen Retention - Does It Really Boost Testosterone?,Semen Retention / Myths,English,Short,https://www.youtube.com/shorts/Uu7qx5MiM38,Uu7qx5MiM38,,,
606,How does a porn obsession affect your sex life? BBC Documentary,Documentaries / News Media,English,Video,https://www.youtube.com/watch?v=LybMhdgcIZk,LybMhdgcIZk,,,
607,"Liked, Lured, Livestreamed - The Dark World of Digital Brothels - BBC Africa Eye",Documentaries / News Media,English,Video,https://www.youtube.com/watch?v=jbakXt_jZgQ,jbakXt_jZgQ,,,
608,Swingbnb Behind The Scenes - the Porn Laid Bare experience,Documentaries / News Media,English,Video,https://www.youtube.com/watch?v=v9jz8oQB8NY,v9jz8oQB8NY,,,
609,A Porn Addict - What I Wish I'd Known About Porn,Documentaries / News Media,English,Video,https://www.youtube.com/watch?v=bjnXXN67plg,bjnXXN67plg,,,
610,Sex addiction - Five times a day wasn't enough - BBC News,Documentaries / News Media,English,Video,https://www.youtube.com/watch?v=LUwj1-1-M1Q,LUwj1-1-M1Q,,,
611,The story behind the documentary - Matt Willis Fighting Addiction - BBC,Documentaries / News Media,English,Video,https://www.youtube.com/watch?v=h5O64GZLX4Q,h5O64GZLX4Q,,,
612,What Porn Means To Me - Porn Laid Bare,Documentaries / News Media,English,Video,https://www.youtube.com/watch?v=FSqAumTKFUk,FSqAumTKFUk,,,
613,How Young Can I Get? (2007) BBC Documentary,Documentaries / News Media,English,Video,https://www.youtube.com/watch?v=gY3Iv4uyWgk,gY3Iv4uyWgk,,,
614,"Pornography - Addiction, Risk and the Impact on Young People",Documentaries / News Media,English,Video,https://www.youtube.com/watch?v=mJJ7RauP_LI,mJJ7RauP_LI,,,
615,Sex and Pornography Addiction - Cognitive Behavioral Therapy for Recovery,Clinical / Therapy,English,Video,https://www.youtube.com/watch?v=r46H-PU5nUs,r46H-PU5nUs,,,
616,How CBT Can Help You Overcome Porn Addiction?,Clinical / Therapy,English,Video,https://www.youtube.com/watch?v=v5kSxRM4Qrk,v5kSxRM4Qrk,,,
617,From Dependence to Freedom - A Clinical Perspective on Pornography Addiction Recovery,Clinical / Therapy,English,Video,https://www.youtube.com/watch?v=wKC1WP9LxoY,wKC1WP9LxoY,,,
618,Overcoming Porn Addiction (playlist),Clinical / Therapy,English,Playlist,https://www.youtube.com/playlist?list=PLcB3trehXswgb5606nBxNYdItUT1xVHAT,PLcB3trehXswgb5606nBxNYdItUT1xVHAT,,,
619,"Integrating CBT, ACT & Mindfulness Based Therapy for Substance Use Disorders",Clinical / Therapy,English,Video,https://www.youtube.com/watch?v=vgHgErJRric,vgHgErJRric,,,
620,Escape the Grip of Porn Addiction - 10 Powerful Recovery Tips,Clinical / Therapy,English,Video,https://www.youtube.com/watch?v=2i9SOiBdpWY,2i9SOiBdpWY,,,
621,The 3 Stages of Porn Addiction Recovery,Clinical / Therapy,English,Video,https://www.youtube.com/watch?v=dXfLDUFt7jg,dXfLDUFt7jg,,,
622,How To Stop Relapse In Porn Addiction Recovery,Clinical / Therapy,English,Video,https://www.youtube.com/watch?v=nM4eaaHW_HQ,nM4eaaHW_HQ,,,
623,Inpatient Sex Addiction Treatment Centers - Dr. Doug Weiss,Clinical / Therapy,English,Video,https://www.youtube.com/watch?v=8wn4MdfWY_E,8wn4MdfWY_E,,,
624,Paradise Creek Recovery Center (channel),Clinical / Therapy,English,Channel,https://www.youtube.com/channel/UCXV0mgAd-nHjPk8wktY21fQ,channel/UCXV0mgAd-nHjPk8wktY21fQ,,,
625,My 1 Year NoFap Transformation,Streak Vlogs / Progress Updates,English,Video,https://www.youtube.com/watch?v=3iD-_dLn5Xk,3iD-_dLn5Xk,,,
626,I DID NOFAP FOR 1 YEAR - Here's What Happened,Streak Vlogs / Progress Updates,English,Video,https://www.youtube.com/watch?v=2GHyB7etpUo,2GHyB7etpUo,,,
627,"Celebrating my 1 year of celibacy - How I overcame porn, masturbating, hookups",Streak Vlogs / Progress Updates,English,Video,https://www.youtube.com/watch?v=qKU9r3G5WRk,qKU9r3G5WRk,,,
628,Life After Porn Addiction - A Journey of Transformation,Streak Vlogs / Progress Updates,English,Video,https://www.youtube.com/watch?v=isovoKHSZbs,isovoKHSZbs,,,
629,"I Did NoFap For a Year, Here's What Happened",Streak Vlogs / Progress Updates,English,Video,https://www.youtube.com/watch?v=Pbr_TqktF5c,Pbr_TqktF5c,,,
630,Breaking Free - My Journey Overcoming Porn Addiction,Streak Vlogs / Progress Updates,English,Video,https://www.youtube.com/watch?v=cYDclLY-HtI,cYDclLY-HtI,,,
631,Porn Addiction How to Stop - Under the Influence Podcast - Campus Cry,Teens / Students,English,Video,https://www.youtube.com/watch?v=FSLH5jQSXDc,FSLH5jQSXDc,,,
632,Model Student Overcomes Pornography Addiction,Teens / Students,English,Video,https://www.youtube.com/watch?v=1nnEMYFnfAY,1nnEMYFnfAY,,,
633,Porn Addiction Education (playlist),Teens / Students,English,Playlist,https://www.youtube.com/playlist?list=PL9hWv9EdpB-fQOXrjBl4ydj7erQL5BucP,PL9hWv9EdpB-fQOXrjBl4ydj7erQL5BucP,,,
634,College Sextortion - Protecting Students From Campus Blackmail,Teens / Students,English,Video,https://www.youtube.com/watch?v=xrDQtZyaPWk,xrDQtZyaPWk,,,
635,"Everything You Need To Know About Death Grip, Explained by a Urologist",Sexual Function / Death Grip,English,Video,https://www.youtube.com/watch?v=SexciPjCC0s,SexciPjCC0s,,,
636,Death Grip Syndrome Kya Hai? Over Masturbation Ke Nuksan aur Treatment - Dr. Chirag Bhandari,Sexual Function / Death Grip,Hindi,Video,https://www.youtube.com/watch?v=sW6ZcG14z3M,sW6ZcG14z3M,,,
637,Correct Masturbation - Death Grip Syndrome,Sexual Function / Death Grip,English,Video,https://www.youtube.com/watch?v=XhOlf8rFTw0,XhOlf8rFTw0,,,
638,How incorrect masturbation can ruin your sex life - Urology,Sexual Function / Death Grip,English,Video,https://www.youtube.com/watch?v=WUlB3seS3Rg,WUlB3seS3Rg,,,
639,Death grip syndrome - what is it and how to treat it,Sexual Function / Death Grip,English,Short,https://www.youtube.com/shorts/nKp30ZRLFOo,nKp30ZRLFOo,,,
640,Overcoming Death Grip Syndrome - Key Insights for Men,Sexual Function / Death Grip,English,Video,https://www.youtube.com/watch?v=F2kh_A0XEFA,F2kh_A0XEFA,,,
641,I Asked a Urologist About Death Grip Syndrome and Here's What They Said,Sexual Function / Death Grip,English,Video,https://www.youtube.com/watch?v=tcHFDhmgCKM,tcHFDhmgCKM,,,
642,DEATH Grip syndrome zaburzenia u mezczyzn,Sexual Function / Death Grip,Polish,Video,https://www.youtube.com/watch?v=M9ML3HnLcNQ,M9ML3HnLcNQ,,,
643,WORST Masturbation Techniques,Sexual Function / Death Grip,English,Short,https://www.youtube.com/shorts/xrjAq9r7VCs,xrjAq9r7VCs,,,
644,Experts Way In - Can You Stop LGBTQ Porn Addiction?,LGBTQ,English,Video,https://www.youtube.com/watch?v=TTt4RXZnxB4,TTt4RXZnxB4,,,
645,"ROB MONTANA on life, the industry, addiction and recovery - Demystifying Gay Porn S4E31",LGBTQ,English,Video,https://www.youtube.com/watch?v=AS6cnYH7zR0,AS6cnYH7zR0,,,
646,Gay Porn Addiction - A Therapist Explains the Symptoms & Treatment Options,LGBTQ,English,Video,https://www.youtube.com/watch?v=ziMn-lQfNsA,ziMn-lQfNsA,,,
647,"Gay Porn Addiction - mental health, therapy, psychology",LGBTQ,English,Short,https://www.youtube.com/shorts/IEI4wq-CUuk,IEI4wq-CUuk,,,
648,Gay Sex Addicts and Recovery,LGBTQ,English,Video,https://www.youtube.com/watch?v=JuD1zeQcfH4,JuD1zeQcfH4,,,
649,Is Gay P*rn Addiction Real?,LGBTQ,English,Short,https://www.youtube.com/shorts/XJqQx0plsOk,XJqQx0plsOk,,,
650,SEX-METH and Cross Addiction Dangers With Gay Men - chemsex,LGBTQ,English,Short,https://www.youtube.com/shorts/L4L7AaDHErY,L4L7AaDHErY,,,
651,Why Smart Men Stay Stuck in Porn Addiction (The Recovery Framework That Finally Works),LGBTQ,English,Video,https://www.youtube.com/watch?v=BWvhIWUZUgU,BWvhIWUZUgU,,,
652,Does Watching Gay Porn Make You Gay? Porn Addiction Problems,LGBTQ,English,Short,https://www.youtube.com/shorts/mID4-dsL-uo,mID4-dsL-uo,,,
653,Pastor Confesses Porn Addiction to His Church And Wife And Then THIS Happened,Pastors / Church Leaders,English,Video,https://www.youtube.com/watch?v=mnPGmbb_32s,mnPGmbb_32s,,,
654,I was a church leader addicted to pornography,Pastors / Church Leaders,English,Video,https://www.youtube.com/watch?v=K_oqL1zJbI4,K_oqL1zJbI4,,,
655,PORNOGRAPHY - How I Overcame It - Isaac Oyedepo Confesses,Pastors / Church Leaders,English,Video,https://www.youtube.com/watch?v=g5BsOjSQuzg,g5BsOjSQuzg,,,
656,"PORN ADDICTION, PASTOR'S DAUGHTER, SAVED BY JESUS! TESTIMONY #341",Pastors / Church Leaders,English,Video,https://www.youtube.com/watch?v=VGEVTM3Pydo,VGEVTM3Pydo,,,
657,Christian Pastor Nikole Mitchell Leaves Church & Becomes Porn Star,Pastors / Church Leaders,English,Video,https://www.youtube.com/watch?v=gCLNG08Q2WM,gCLNG08Q2WM,,,
658,Pastor on porn addiction - It was out of control,Pastors / Church Leaders,English,Video,https://www.youtube.com/watch?v=mzFT6A3liSo,mzFT6A3liSo,,,
659,Ex-Pastor's Journey - Porn Addiction to Honoring Women,Pastors / Church Leaders,English,Short,https://www.youtube.com/shorts/pwzl2sHpLbM,pwzl2sHpLbM,,,
660,"Ex-Porn Star-Turned-Christian Shares How Church Provided Path to Healing, Confession",Pastors / Church Leaders,English,Video,https://www.youtube.com/watch?v=S52rlCIdAAA,S52rlCIdAAA,,,
661,Megachurch pastor forced to repent for filming sex with his wife,Pastors / Church Leaders,English,Video,https://www.youtube.com/watch?v=4bYuC9qyKJI,4bYuC9qyKJI,,,
662,A Pastor's Raw Confession of Conquering Addiction,Pastors / Church Leaders,English,Video,https://www.youtube.com/watch?v=UHkiXwv9DLg,UHkiXwv9DLg,,,
663,Porn and Sex Addiction Treatment with IFS (Internal Family Systems),EMDR / IFS / Trauma Therapy,English,Video,https://www.youtube.com/watch?v=Qe2zVnNLRos,Qe2zVnNLRos,,,
664,Internal Family Systems (IFS) and EMDR,EMDR / IFS / Trauma Therapy,English,Video,https://www.youtube.com/watch?v=vyuVBlEEv9U,vyuVBlEEv9U,,,
665,Have You Tried This Yet? Using IFS To Treat Sex Addiction,EMDR / IFS / Trauma Therapy,English,Video,https://www.youtube.com/watch?v=bIQYI1nLERA,bIQYI1nLERA,,,
666,Sex Addiction and IFS with Jenna Riemersma,EMDR / IFS / Trauma Therapy,English,Video,https://www.youtube.com/watch?v=NPzcQSLwaPI,NPzcQSLwaPI,,,
667,EMDR and Internal Family Systems Part 1 - Sue Seiler and Karby Allington-Goldfain,EMDR / IFS / Trauma Therapy,English,Video,https://www.youtube.com/watch?v=OYMxIMYJABE,OYMxIMYJABE,,,
668,IFS-Informed EMDR Therapy with Annabel McGoldrick,EMDR / IFS / Trauma Therapy,English,Video,https://www.youtube.com/watch?v=6l0lXIKhAmw,6l0lXIKhAmw,,,
669,Internal Family Systems & Addiction w/ Jenna Riemersma (FULL EPISODE),EMDR / IFS / Trauma Therapy,English,Video,https://www.youtube.com/watch?v=U0C2dLNWgPA,U0C2dLNWgPA,,,
670,"Freedom From Porn Hypnosis Meditation (nofap, noporn, nopmo)",Hypnosis / Meditation,English,Video,https://www.youtube.com/watch?v=F3WFxdHmbfY,F3WFxdHmbfY,,,
671,Hypnosis meditation for freedom from porn addiction,Hypnosis / Meditation,English,Video,https://www.youtube.com/watch?v=y7Fpr8rul7s,y7Fpr8rul7s,,,
672,Quit Porn Masturbating Addiction Subliminal Affirmations Hypnosis (playlist),Hypnosis / Meditation,English,Playlist,https://www.youtube.com/playlist?list=PLwMsmcozWXJOq0b1OFyT_aAtIQuUC9w5m,PLwMsmcozWXJOq0b1OFyT_aAtIQuUC9w5m,,,
673,"Quit Pornography Addiction Forever with Hypnosis, NLP and Alpha Wave Binaural Beats",Hypnosis / Meditation,English,Video,https://www.youtube.com/watch?v=jpYh4HvoTTU,jpYh4HvoTTU,,,
674,The Most Relaxing Way to Quit Porn - Deep Sleep Hypnosis for Addiction Recovery ASMR,Hypnosis / Meditation,English,Video,https://www.youtube.com/watch?v=zfq0gYVbrAs,zfq0gYVbrAs,,,
675,Sleep Hypnosis to Reprogram your Brain - Overcome Urges & Temptations Quit Porn Addiction,Hypnosis / Meditation,English,Video,https://www.youtube.com/watch?v=081ajEZGvb4,081ajEZGvb4,,,
676,Stop Masturbating Addiction Hypnosis Meditation,Hypnosis / Meditation,English,Video,https://www.youtube.com/watch?v=eZ3ibBgzrew,eZ3ibBgzrew,,,
677,Hypnosis for Overcoming Pornography Addiction (playlist),Hypnosis / Meditation,English,Playlist,https://www.youtube.com/playlist?list=PLHsbO3pPixCH8-93M2aJ_gyd5uaZbpqqA,PLHsbO3pPixCH8-93M2aJ_gyd5uaZbpqqA,,,
678,Remove Porn Addiction with Hypnosis - Online Healing by Dr Tarun Malik,Hypnosis / Meditation,English,Video,https://www.youtube.com/watch?v=TlgCcq7JpMw,TlgCcq7JpMw,,,
679,Jeremy Lipkowitz (channel),Coaches / Jeremy Lipkowitz,English,Channel,https://www.youtube.com/c/JeremyLipkowitz,c/JeremyLipkowitz,,,
680,The Healing Power of Meditation - 5 Ways Meditation Supports Your Recovery from Porn Addiction,Coaches / Jeremy Lipkowitz,English,Video,https://www.youtube.com/watch?v=sBjKBv7kbfg,sBjKBv7kbfg,,,
681,"Unhooked - Breaking Cycles, Building Discipline w/ Jeremy Lipkowitz",Coaches / Jeremy Lipkowitz,English,Video,https://www.youtube.com/watch?v=wiChY76J32c,wiChY76J32c,,,
682,95. Seven Immediate Benefits of Quitting Porn - What You Will Notice in the First Few Days & Weeks,Coaches / Jeremy Lipkowitz,English,Video,https://www.youtube.com/watch?v=My1Itl4L-fA,My1Itl4L-fA,,,
683,How to Prevent a Relapse - Understanding the 3 Stages of Relapse in Addiction Recovery,Coaches / Jeremy Lipkowitz,English,Video,https://www.youtube.com/watch?v=Smc08A5r-OU,Smc08A5r-OU,,,
684,Facing Compulsive Behaviours With Jeremy Lipkowitz,Coaches / Jeremy Lipkowitz,English,Video,https://www.youtube.com/watch?v=aDFPSpdVZzM,aDFPSpdVZzM,,,
685,Jeremy Lipkowitz - From Porn Addiction to Inner Freedom - EP 9,Coaches / Jeremy Lipkowitz,English,Video,https://www.youtube.com/watch?v=H6vBurRUS8s,H6vBurRUS8s,,,
686,The 3 A's of Addiction - Reality of Internet Pornography,Coaches / Jeremy Lipkowitz,English,Short,https://www.youtube.com/shorts/PGAoSDKEX1g,PGAoSDKEX1g,,,
687,Why Are People Addicted To Porn? Wajih Uddin,Shorts / Quick Explainers,English,Short,https://www.youtube.com/shorts/sU-ZppbdmiA,sU-ZppbdmiA,,,
688,Understanding the Depths of Pornography Addiction,Shorts / Quick Explainers,English,Short,https://www.youtube.com/shorts/_yO_cStac6A,_yO_cStac6A,,,
689,P0rn Addict Reveals How It All Started,Shorts / Quick Explainers,English,Short,https://www.youtube.com/shorts/BeT9C9q9bvg,BeT9C9q9bvg,,,
690,The Mechanism of Addiction - Your Brain on Porn - Animated Series Part 1-8,Your Brain on Porn (Gary Wilson),English,Video,https://www.youtube.com/watch?v=7vQqOb1RPEs,7vQqOb1RPEs,,,
691,Porn addiction isn't about porn,Shorts / Quick Explainers,English,Short,https://www.youtube.com/shorts/bf8c8yYd5pA,bf8c8yYd5pA,,,
692,Porn Addiction - Porn Addictive,Shorts / Quick Explainers,English,Short,https://www.youtube.com/shorts/97ltnAKEe_A,97ltnAKEe_A,,,
693,Watch Only if Addicted to Porn - The Science Behind it & What Happens if You Quit it? Animated,Shorts / Quick Explainers,English,Video,https://www.youtube.com/watch?v=R_TCEpqR_fI,R_TCEpqR_fI,,,
694,ही घाण सवय तूमचे आयुष्य उध्वस्त करतेय - How to get rid of porn addiction - Marathi,Marathi / Kannada / Malayalam,Marathi,Video,https://www.youtube.com/watch?v=3K_T0eo-Jbs,3K_T0eo-Jbs,,,
695,पोर्न की लत आपका जीवन बर्बाद कर देगी - Porn Addiction - Sadhguru Hindi,Hindi,Hindi,Video,https://www.youtube.com/watch?v=-nsUv2AwXq0,-nsUv2AwXq0,,,
696,HOW TO DEAL WITH PORN ADDICTION SERIES (playlist),Hindi,Hindi / Urdu,Playlist,https://www.youtube.com/playlist?list=PLO8iI3UNJal4lMe5TRJULJ4yUYf7brwhd,PLO8iI3UNJal4lMe5TRJULJ4yUYf7brwhd,,,
697,ಪೋರ್ನ್ ಚಟದಿಂದ ಹೊರಬರೋದು ಹೇಗೆ? Porn Addiction Is Mental Sickness - Sadhguru Kannada,Marathi / Kannada / Malayalam,Kannada,Short,https://www.youtube.com/shorts/61m6mHXmedQ,61m6mHXmedQ,,,
698,Porn Addiction ஏன்? யாரும் சொல்லாத 5 ரகசியங்கள் - 5 Psychological Reasons - Tamil,Tamil,Tamil,Video,https://www.youtube.com/watch?v=ASa1zkcKXhg,ASa1zkcKXhg,,,
699,MARATHI - causes of PORN ADDICTION,Marathi / Kannada / Malayalam,Marathi,Video,https://www.youtube.com/watch?v=BGOzkjZBPGY,BGOzkjZBPGY,,,
700,Porn पाहण्याची सवय कशी सोडावी? Quit Porn Addiction In 5 Practical Steps - Marathi,Marathi / Kannada / Malayalam,Marathi,Video,https://www.youtube.com/watch?v=zm7_db0_I3Q,zm7_db0_I3Q,,,
701,Porn Addiction Malayalam (playlist),Marathi / Kannada / Malayalam,Malayalam,Playlist,https://www.youtube.com/playlist?list=PLbhgcj9snDF0k4lG4Pi52nHBXFjSVHKGr,PLbhgcj9snDF0k4lG4Pi52nHBXFjSVHKGr,,,
702,Pornography addiction - How to overcome? Advice for youngsters - Tamil,Tamil,Tamil,Short,https://www.youtube.com/shorts/MsCzi2RdFT8,MsCzi2RdFT8,,,
703,رهایی از اعتیاد به پورن (زیرنویس فارسی),Persian / Farsi,Persian,Video,https://www.youtube.com/watch?v=EG98cyiDQ6w,EG98cyiDQ6w,,,
704,راه های ترک اعتیاد به فیلم پورن,Persian / Farsi,Persian,Video,https://www.youtube.com/watch?v=zkheVqAshkE,zkheVqAshkE,,,
705,راه حل ترک اعتیاد به پورن,Persian / Farsi,Persian,Video,https://www.youtube.com/watch?v=04Gtlyo7CJc,04Gtlyo7CJc,,,
706,Paycast #16 - Farshid - اعتیاد به پورن,Persian / Farsi,Persian,Video,https://www.youtube.com/watch?v=998Se9Qn3eM,998Se9Qn3eM,,,
707,عوارض وحشتناک پورن و خودارضایی بر مغز و حافظه - راه ترک پورن چیست؟,Persian / Farsi,Persian,Video,https://www.youtube.com/watch?v=aYW946-r7Q8,aYW946-r7Q8,,,
708,روش قدم به قدم ترک اعتیاد به فیلم های پورن توسط متخصص روانپزشکی,Persian / Farsi,Persian,Video,https://www.youtube.com/watch?v=hYIln0Y_KSY,hYIln0Y_KSY,,,
709,راههای ساده درمان و ترک خودارضایی و فیلم پورن - زن و مرد,Persian / Farsi,Persian,Video,https://www.youtube.com/watch?v=kn7kNigPPk8,kn7kNigPPk8,,,
710,6 روش برای بازپس گیری زندگی - خلاصه کتاب در دام پورنوگرافی,Persian / Farsi,Persian,Video,https://www.youtube.com/watch?v=2sDsiRVNtRc,2sDsiRVNtRc,,,
711,علت شکست در ترک پورن و اعتیاد,Persian / Farsi,Persian,Video,https://www.youtube.com/watch?v=6IcgAR_dg1k,6IcgAR_dg1k,,,
712,چرا باید اعتیاد به پورن و خودارضایی رو کنار بگذاری؟,Persian / Farsi,Persian,Video,https://www.youtube.com/watch?v=t9UBoGn_1lc,t9UBoGn_1lc,,,
713,Tai Sao Nghien Phim Khieu Dam Lai La Mot Can Benh Tam Ly - Sadhguru Tieng Viet,Vietnamese,Vietnamese,Short,https://www.youtube.com/shorts/sFbOMz11e34,sFbOMz11e34,,,
714,6 Giai doan nguy hiem cua chung Nghien Phim Khieu Dam va Giai Phap,Vietnamese,Vietnamese,Video,https://www.youtube.com/watch?v=BrSP6Dz_taA,BrSP6Dz_taA,,,
715,Cai bao lau thi HET nghien phim den?,Vietnamese,Vietnamese,Video,https://www.youtube.com/watch?v=E1TCmrQg4ZI,E1TCmrQg4ZI,,,
716,6 Buoc Giup Ban CAI NGHIEN Phim Nguoi Lon - Theo Goc Nhin Y Khoa,Vietnamese,Vietnamese,Video,https://www.youtube.com/watch?v=y0ML3jQJRQo,y0ML3jQJRQo,,,
717,6 Buoc Giup Ban CAI NGHIEN Phim Nguoi Lon - Ths BS Tran Quoc Phong,Vietnamese,Vietnamese,Short,https://www.youtube.com/shorts/OA13oDrD59k,OA13oDrD59k,,,
718,Toi Ngung Xem Phim Khieu Dam Trong 7 Ngay Va Day La Ket Qua,Vietnamese,Vietnamese,Video,https://www.youtube.com/watch?v=LnI7kpHtUso,LnI7kpHtUso,,,
719,October 02 - Paano Makalaya sa Porn Addiction? Sex and Theology - 1 Corinthians 6:18,Tagalog / Filipino,Tagalog,Video,https://www.youtube.com/watch?v=pLoo4juJseo,pLoo4juJseo,,,
720,Paano Maiwasan Mag-JAKOL - 5 EFFECTIVE Tips Para Mawala Ang Addiction,Tagalog / Filipino,Tagalog,Video,https://www.youtube.com/watch?v=4DR_nTluixA,4DR_nTluixA,,,
721,Are Filipinos Addicted to Porn?,Tagalog / Filipino,Tagalog / English,Video,https://www.youtube.com/watch?v=CWZtelAo6iI,CWZtelAo6iI,,,
722,ADDICTION SA PORN pwede mangyari ng 5 minutes? Paano nangyayari ito sa Spiritual Realms?,Tagalog / Filipino,Tagalog,Video,https://www.youtube.com/watch?v=vayhrpvxPNc,vayhrpvxPNc,,,
723,MGA MASAMANG EPEKTO NG PANONOOD NG PORN AT PAANO ITO NAKAKA EPEKTO SA RELASYON MO,Tagalog / Filipino,Tagalog,Video,https://www.youtube.com/watch?v=Z6vnPQl_-44,Z6vnPQl_-44,,,
724,Brainbuddy App Review - Quit Porn Forever?!? How Well Does it Work?,Blockers / Accountability Tools,English,Video,https://www.youtube.com/watch?v=4v4rZXMIC44,4v4rZXMIC44,,,
725,QUITTR App Review - Can This App Really Help You Quit Bad Habits?,Blockers / Accountability Tools,English,Video,https://www.youtube.com/watch?v=ujC3YOVK6rM,ujC3YOVK6rM,,,
726,Quittr App Review 2025 - Can It Help You Quit Porn for Good?,Blockers / Accountability Tools,English,Video,https://www.youtube.com/watch?v=wUlfbr1TetY,wUlfbr1TetY,,,
727,The Easy Peasy Way to Quit Porn (playlist),Blockers / Accountability Tools,English,Playlist,https://www.youtube.com/playlist?list=PLMx-QwNxTnN0rvxUt9C3ThluLlbw3KsUE,PLMx-QwNxTnN0rvxUt9C3ThluLlbw3KsUE,,,
728,How To Quit Porn - In Depth Course (playlist),Blockers / Accountability Tools,English,Playlist,https://www.youtube.com/playlist?list=PLE_vQWWxgaiEskIe2DMOZ_gFTURBeWCM_,PLE_vQWWxgaiEskIe2DMOZ_gFTURBeWCM_,,,
729,2 things that finally helped me quit porn & mindless scrolling,Blockers / Accountability Tools,English,Video,https://www.youtube.com/watch?v=UfmQxkKjYcQ,UfmQxkKjYcQ,,,
730,Fortify STR (channel),Blockers / Accountability Tools,English,Channel,https://www.youtube.com/c/FortifySTR,c/FortifySTR,,,
731,What Porn Addiction Does to Your Brain,Mental Health Effects,English,Short,https://www.youtube.com/shorts/ycaEPQazY4k,ycaEPQazY4k,,,
732,"The Effects Of Porn On Your Brain - Brain Fog, Anxiety, And More",Mental Health Effects,English,Video,https://www.youtube.com/watch?v=NHvF7IehZBk,NHvF7IehZBk,,,
733,Is It ADHD Or Porn-Induced Brain Fog? The Truth About Focus Issues,Mental Health Effects,English,Video,https://www.youtube.com/watch?v=KpS-4a2Tkis,KpS-4a2Tkis,,,
734,Can Porn Addiction affect your sleep?,Mental Health Effects,English,Video,https://www.youtube.com/watch?v=VsGckbXhfx4,VsGckbXhfx4,,,
735,Porn Addiction is Finishing the Youth of South Africa,Africa,English,Short,https://www.youtube.com/shorts/huIB56yXr6U,huIB56yXr6U,,,
736,Quit Porn Addiction (playlist),General / Overview,English,Playlist,https://www.youtube.com/playlist?list=PL25QZ983cgFza_HY6CYUR6AwaU5Ohi9Tq,PL25QZ983cgFza_HY6CYUR6AwaU5Ohi9Tq,,,
737,SOUTH AFRICA PORN ADDICTION - PORN AT WORK AND CHURCH - SOCIAL MEDIA TRIGGERS - REHAB,Africa,English,Video,https://www.youtube.com/watch?v=D-0sjJHOlrI,D-0sjJHOlrI,,,
738,How to Finally Quit Porn (playlist),General / Overview,English,Playlist,https://www.youtube.com/playlist?list=PLXvTERtQ_HV-W336WBH3J1YLv08XtI3l9,PLXvTERtQ_HV-W336WBH3J1YLv08XtI3l9,,,
739,Quit any addiction - The Easypeasy way to quit the p*rn,General / Overview,English,Video,https://www.youtube.com/watch?v=N7r_joacY7M,N7r_joacY7M,,,
740,Get Rid Of Porn Addiction (playlist),General / Overview,English,Playlist,https://www.youtube.com/playlist?list=PL8oIhEcE-S08cRKcMCU1GAJbqYTo7s9gj,PL8oIhEcE-S08cRKcMCU1GAJbqYTo7s9gj,,,
741,How to Quit Porn,General / Overview,English,Video,https://www.youtube.com/watch?v=kLcKgzKA1cw,kLcKgzKA1cw,,,
742,"Rena Malik, M.D. (channel)",Urology / Medical,English,Channel,https://www.youtube.com/channel/UCV66hp0qxx2Xq273N0bo7uQ,channel/UCV66hp0qxx2Xq273N0bo7uQ,,,
743,"Rena Malik, MD Podcast (playlist)",Urology / Medical,English,Playlist,https://www.youtube.com/playlist?list=PLivh_s1lhoW8m1-MuyQebyDfE_RejqNgi,PLivh_s1lhoW8m1-MuyQebyDfE_RejqNgi,,,
744,Scientifically Proven Ways To Increase Penile Length? Urologist Reveals - Dr Rena Malik,Urology / Medical,English,Video,https://www.youtube.com/watch?v=J4dFVazRWwY,J4dFVazRWwY,,,
745,"Dr. Rena Malik - Male Intimate Health, Prostate & Libido",Urology / Medical,English,Video,https://www.youtube.com/watch?v=riOvlnuwwWA,riOvlnuwwWA,,,
746,"Ask a Urologist - Improving Erections, No Nut November, and Low Testosterone - Dr. Rena Malik",Urology / Medical,English,Video,https://www.youtube.com/watch?v=KDmEUA7DEOs,KDmEUA7DEOs,,,
747,5 NATURAL Ways To Increase TESTOSTERONE - Urologist Dr Rena Malik Explains,Urology / Medical,English,Video,https://www.youtube.com/watch?v=zIx0otzoDLI,zIx0otzoDLI,,,
748,Consider Before Consuming - a Podcast by Fight the New Drug (playlist),Fight the New Drug / Documentary,English,Playlist,https://www.youtube.com/playlist?list=PLvFhr3e6CcV3sYP2zRQwUuxw_41qUa_L3,PLvFhr3e6CcV3sYP2zRQwUuxw_41qUa_L3,,,
749,"You Asked, We Answered - A Conversation with Fight the New Drug",Fight the New Drug / Documentary,English,Video,https://www.youtube.com/watch?v=A4oFVf7KJ4I,A4oFVf7KJ4I,,,
750,Consider Before Consuming - A Podcast by Fight the New Drug,Fight the New Drug / Documentary,English,Video,https://www.youtube.com/watch?v=D5d_q8xRBN8,D5d_q8xRBN8,,,
751,Consider Before Consuming Podcast Trailer,Fight the New Drug / Documentary,English,Video,https://www.youtube.com/watch?v=SpnenasRZWU,SpnenasRZWU,,,
752,Consider Before Consuming,Fight the New Drug / Documentary,English,Video,https://www.youtube.com/watch?v=o6lSo_DpnKg,o6lSo_DpnKg,,,
753,I was sex trafficked by GirlsDoPorn Pt.1 - Consider Before Consuming,Fight the New Drug / Documentary,English,Short,https://www.youtube.com/shorts/MXDDwPWvSXQ,MXDDwPWvSXQ,,,
754,Katelyn - Recovering Compulsive Porn Consumer - Consider Before Consuming,Fight the New Drug / Documentary,English,Video,https://www.youtube.com/watch?v=LKqEFRysl2Q,LKqEFRysl2Q,,,
755,"Eddie Capparucci, Ph.D. - Counselor & Sex Addiction Specialist - Consider Before Consuming",Fight the New Drug / Documentary,English,Video,https://www.youtube.com/watch?v=eAfxosmbvaA,eAfxosmbvaA,,,
756,Laura - Ex-Porn Performer - Consider Before Consuming,Fight the New Drug / Documentary,English,Video,https://www.youtube.com/watch?v=-XLh4LMLvk0,-XLh4LMLvk0,,,
757,The Complete Guide to Formal Disclosure - Rebuilding Reality After Porn Addiction,Shame / Disclosure,English,Video,https://www.youtube.com/watch?v=SVV6L7gUnF4,SVV6L7gUnF4,,,
758,Overcoming Porn Addiction - From Shame to Empowerment - Real Men Real Conversation,Shame / Disclosure,English,Video,https://www.youtube.com/watch?v=5mFEESL79oQ,5mFEESL79oQ,,,
759,Porn Recovery Expert on How To Deal with Shame,Shame / Disclosure,English,Video,https://www.youtube.com/watch?v=Sonk50MTFgM,Sonk50MTFgM,,,
760,Shame and a Pathway to Recovery - Sex Addiction,Shame / Disclosure,English,Video,https://www.youtube.com/watch?v=7vsRYBlF23Q,7vsRYBlF23Q,,,
761,No Fap Cold Showers 30 Days (Transformation),Lifestyle / Discipline,English,Video,https://www.youtube.com/watch?v=8O1N78wRuVA,8O1N78wRuVA,,,
762,Cold Showers for Discipline - 75 Hard - Phase 1,Lifestyle / Discipline,English,Video,https://www.youtube.com/watch?v=SsXXEkJVfgQ,SsXXEkJVfgQ,,,
763,NoFap + Cold Shower + Meditation For 90+ Days - My Transformation,Lifestyle / Discipline,English,Video,https://www.youtube.com/watch?v=2vcgJGgGFz8,2vcgJGgGFz8,,,
764,Cold Showers for a Dopamine Hit (Quit Porn w/ Dr. Trish Leigh),Lifestyle / Discipline,English,Video,https://www.youtube.com/watch?v=GQ6vVxkawt4,GQ6vVxkawt4,,,
765,Discipline - Cold Showers (coaching call),Lifestyle / Discipline,English,Video,https://www.youtube.com/watch?v=yVIkCtvJ0_U,yVIkCtvJ0_U,,,
766,Surviving the Cold Shower Discipline Challenge - Why it Works,Lifestyle / Discipline,English,Video,https://www.youtube.com/watch?v=HUE4V1i0zKg,HUE4V1i0zKg,,,
767,NoFap + Cold Showers + Journaling For 90 Days - What I've Learned,Lifestyle / Discipline,English,Video,https://www.youtube.com/watch?v=1lj8dXhtUR4,1lj8dXhtUR4,,,
768,How to Build Self Discipline - My #1 Exercise,Lifestyle / Discipline,English,Video,https://www.youtube.com/watch?v=wZy1ir1otug,wZy1ir1otug,,,
769,How To Take Cold Showers and Increase your Discipline,Lifestyle / Discipline,English,Video,https://www.youtube.com/watch?v=dhFJkSAkoLY,dhFJkSAkoLY,,,
770,Habit #3 - Taking Cold Showers Daily - 30 Days Of Discipline Journey,Lifestyle / Discipline,English,Video,https://www.youtube.com/watch?v=pBrcbh2799k,pBrcbh2799k,,,
771,Australia's NEW P*rn Age-Check Laws - A Dangerous Data Grab?,Policy / Age Verification,English,Video,https://www.youtube.com/watch?v=LJHokKPZ34g,LJHokKPZ34g,,,
772,Australia's Porn Blockout - New Age Verification Deadlines & Social Media Ban Explained,Policy / Age Verification,English,Short,https://www.youtube.com/shorts/8nbE9L3Qnh4,8nbE9L3Qnh4,,,
773,How will age-verification laws affect millions of Australian adults? ABC News,Policy / Age Verification,English,Video,https://www.youtube.com/watch?v=u2wo65O4I2Q,u2wo65O4I2Q,,,
774,Australians must now prove they are over 18 to view pornography online,Policy / Age Verification,English,Video,https://www.youtube.com/watch?v=mdSS8Ex6W-A,mdSS8Ex6W-A,,,
775,UK's Online Safety Act - Mandatory Age Verification Selfies,Policy / Age Verification,English,Short,https://www.youtube.com/shorts/MWGMu9r8OOg,MWGMu9r8OOg,,,
776,YouTube CALLS OUT Australia's New Law,Policy / Age Verification,English,Video,https://www.youtube.com/watch?v=ybMIuNU1Gy0,ybMIuNU1Gy0,,,
777,Australia Just Made Age Verification Mandatory For Almost Everything,Policy / Age Verification,English,Video,https://www.youtube.com/watch?v=Sgs2p33MwVQ,Sgs2p33MwVQ,,,
778,UK enforces new age verification system - Does it actually work?,Policy / Age Verification,English,Video,https://www.youtube.com/watch?v=uSliYzklo1w,uSliYzklo1w,,,
779,Australia's New Porn Law - Age Checks Now Mandatory,Policy / Age Verification,English,Video,https://www.youtube.com/watch?v=Y2AXw41eQD0,Y2AXw41eQD0,,,
780,Eddie Capparucci - How the Inner Child Affects Your Addiction - 5pm Presentation,Inner Child / Eddie Capparucci,English,Video,https://www.youtube.com/watch?v=P6zUvJVvmoE,P6zUvJVvmoE,,,
781,346 - The 9 Inner Children with Dr. Eddie Capparucci,Inner Child / Eddie Capparucci,English,Video,https://www.youtube.com/watch?v=8FwbcJz94u4,8FwbcJz94u4,,,
782,Eddie Capparucci - How the Inner Child Affects Sex Addiction,Inner Child / Eddie Capparucci,English,Video,https://www.youtube.com/watch?v=y5TUJyCjyBU,y5TUJyCjyBU,,,
783,Dr. Eddie Capparucci - Porn And The Inner Child,Inner Child / Eddie Capparucci,English,Video,https://www.youtube.com/watch?v=RmMOCUOIuUI,RmMOCUOIuUI,,,
784,Going Deeper - How Your Inner Child Impacts Your Sex Addiction,Inner Child / Eddie Capparucci,English,Video,https://www.youtube.com/watch?v=1EtydLpgvVA,1EtydLpgvVA,,,
785,180. How the Inner Child Impacts Your Sexual Addiction,Inner Child / Eddie Capparucci,English,Video,https://www.youtube.com/watch?v=2tYQVZIfEnE,2tYQVZIfEnE,,,
786,"Eddie Capparucci on the Inner Child, Part 1",Inner Child / Eddie Capparucci,English,Video,https://www.youtube.com/watch?v=aWvq6ICOXNs,aWvq6ICOXNs,,,
787,Reparenting Our Inner Child with Dr. Eddie Capparucci - Pure Desire Podcast Episode 317,Inner Child / Eddie Capparucci,English,Video,https://www.youtube.com/watch?v=Xsw52AIQQ2w,Xsw52AIQQ2w,,,
788,Eddie Capparucci - Part Two of The Inner Child,Inner Child / Eddie Capparucci,English,Video,https://www.youtube.com/watch?v=tSkd0tq6NU4,tSkd0tq6NU4,,,
789,YC19 - Paula Hall - What's wrong with Porn?,Paula Hall / UK Therapy,English,Video,https://www.youtube.com/watch?v=mPq5BNO9wcg,mPq5BNO9wcg,,,
790,Secret Sex Lives With Dr Paula Hall,Paula Hall / UK Therapy,English,Video,https://www.youtube.com/watch?v=dugtBCkh0Yo,dugtBCkh0Yo,,,
791,Porn addiction in the UK rises - Therapist Dr Paula Hall explains why,Paula Hall / UK Therapy,English,Video,https://www.youtube.com/watch?v=bBGsozFWyx8,bBGsozFWyx8,,,
792,Get a Grip on Porn & Sex Addiction - Dr Paula Hall,Paula Hall / UK Therapy,English,Video,https://www.youtube.com/watch?v=BZcWyQMRB3o,BZcWyQMRB3o,,,
793,Paula Hall (channel),Paula Hall / UK Therapy,English,Channel,https://www.youtube.com/@paulahall3258,@paulahall3258,,,
794,The Modern Addiction,Paula Hall / UK Therapy,English,Video,https://www.youtube.com/watch?v=qeF1FUnGGAY,qeF1FUnGGAY,,,
795,We Need To Talk About Sex Addiction - Paula Hall - TEDxLeamingtonSpa,TED / TEDx,English,Video,https://www.youtube.com/watch?v=-Qf2e3XZ8Tw,-Qf2e3XZ8Tw,,,
796,3 Reasons Anime Porn is Really Bad for You,Hentai / VR / Niche,English,Video,https://www.youtube.com/watch?v=pS7sG8nPQ4E,pS7sG8nPQ4E,,,
797,Anime and Hentai Addiction and Dependence Recovery Subliminal V2,Hentai / VR / Niche,English,Video,https://www.youtube.com/watch?v=cVmZGQdjsqY,cVmZGQdjsqY,,,
798,Watch THIS If You Have A Hentai Addiction,Hentai / VR / Niche,English,Video,https://www.youtube.com/watch?v=v_4hi8UcSAg,v_4hi8UcSAg,,,
799,Porn Habit Recovery - No Fap Explained,Streak Vlogs / Progress Updates,English,Video,https://www.youtube.com/watch?v=zkJoUuhscJg,zkJoUuhscJg,,,
800,Semen Retention and NoFap Junkie Thoughts - Compulsive Porn Use Recovery,Streak Vlogs / Progress Updates,English,Video,https://www.youtube.com/watch?v=EzPjlJwkqD8,EzPjlJwkqD8,,,
801,Nofap Success Stories (playlist),Streak Vlogs / Progress Updates,English,Playlist,https://www.youtube.com/playlist?list=PL6PCryZjokGPgnj2wYvylRSQehv5hz-On,PL6PCryZjokGPgnj2wYvylRSQehv5hz-On,,,
802,NoFap 90-Day Experiment - My Success Story 2017,Streak Vlogs / Progress Updates,English,Video,https://www.youtube.com/watch?v=3e0DCvIpAi4,3e0DCvIpAi4,,,
803,Pornography ADDICTION And NoFap RECOVERY 101 (The FULL Story) Ft. Shan Boodram,Streak Vlogs / Progress Updates,English,Video,https://www.youtube.com/watch?v=ld3ecwuEKBE,ld3ecwuEKBE,,,
804,What Happens AFTER You Quit Porn - NOFAP SUCCESS STORIES,Streak Vlogs / Progress Updates,English,Video,https://www.youtube.com/watch?v=6DemKRwDVBM,6DemKRwDVBM,,,
805,Porn Addiction Is NOT Sex Addiction - SASH Conference,Academic / Conference,English,Video,https://www.youtube.com/watch?v=m9n-hs83AsY,m9n-hs83AsY,,,
806,The Heart of the Matter - Full Presentation on Recovery from Sexual Addiction,Academic / Conference,English,Video,https://www.youtube.com/watch?v=5EgztA-Racs,5EgztA-Racs,,,
807,How I Fought Porn Addiction by Immersing in General Conference Talks,Faith - LDS,English,Video,https://www.youtube.com/watch?v=2ZNpCyQ1ISY,2ZNpCyQ1ISY,,,
808,2026 Consortium on Substance Use and Addiction Conference - Research Talks,Academic / Conference,English,Video,https://www.youtube.com/watch?v=s_Cn94qtwxE,s_Cn94qtwxE,,,
809,"ATSA Conference - Day 1, Part 2",Academic / Conference,English,Video,https://www.youtube.com/watch?v=hFol2Tg0krs,hFol2Tg0krs,,,
810,ATSA Public Engagement (channel),Academic / Conference,English,Channel,https://www.youtube.com/@atsapublicengagement7169,@atsapublicengagement7169,,,
811,Webinar - Pornography Addiction Effects & Remedies by Shaykh Sa'ad Quadri,Faith - Islam,English,Video,https://www.youtube.com/watch?v=-_RJNy1RiRU,-_RJNy1RiRU,,,
812,Caller - My Wife Discovered My Secret Porn Addiction,Betrayal Trauma / Partners,English,Video,https://www.youtube.com/watch?v=e6hpI3MjIZ8,e6hpI3MjIZ8,,,
813,What To Do If Your Husband is Addicted To Porn - Married To A Therapist,Betrayal Trauma / Partners,English,Video,https://www.youtube.com/watch?v=-qdPHUgnmCo,-qdPHUgnmCo,,,
814,My Wife Discovered My Secret Porn Addiction,Betrayal Trauma / Partners,English,Video,https://www.youtube.com/watch?v=g01XikDngwQ,g01XikDngwQ,,,
815,The 6 Things To Do After You Catch Your Spouse Watching Porn - Ep. 429,Betrayal Trauma / Partners,English,Video,https://www.youtube.com/watch?v=r2a6cRqPhDk,r2a6cRqPhDk,,,
816,When Your Partner Has a Porn Addiction,Betrayal Trauma / Partners,English,Video,https://www.youtube.com/watch?v=N62JW67brk4,N62JW67brk4,,,
817,What to Do if Your Husband is Addicted to Porn,Betrayal Trauma / Partners,English,Video,https://www.youtube.com/watch?v=Kd65B_3XyQ4,Kd65B_3XyQ4,,,
818,My husband is addicted to porn. Should I divorce?,Betrayal Trauma / Partners,English,Video,https://www.youtube.com/watch?v=8LZjcOH5g8g,8LZjcOH5g8g,,,
819,How Do I Deal With My Husband's Porn Addiction? This Morning,Betrayal Trauma / Partners,English,Video,https://www.youtube.com/watch?v=_mElpKofJ6s,_mElpKofJ6s,,,
820,My Husband Hid a Porn Addiction for 6 Months (Here's What I Did),Betrayal Trauma / Partners,English,Video,https://www.youtube.com/watch?v=Hyrc13gCzzE,Hyrc13gCzzE,,,
821,Warning Signs of Porn Addiction,Signs / Self-Assessment,English,Short,https://www.youtube.com/shorts/xasJ-u5IRVw,xasJ-u5IRVw,,,
822,Porn Addiction Signs - What Most People Don't Notice,Signs / Self-Assessment,English,Video,https://www.youtube.com/watch?v=Wwh_C_Gir0w,Wwh_C_Gir0w,,,
823,The ONE THING No One Talks About When Quitting Porn,Triggers / Coping,English,Video,https://www.youtube.com/watch?v=GWI_ScXfAg8,GWI_ScXfAg8,,,
824,"Why Loneliness, Stress & Boredom Keep You Stuck in Porn",Triggers / Coping,English,Video,https://www.youtube.com/watch?v=rsrRrUn9oaM,rsrRrUn9oaM,,,
825,Porn Addiction Cycle - Why It Feels Like You Can't Stop,Triggers / Coping,English,Video,https://www.youtube.com/watch?v=bBqjwK8OBR8,bBqjwK8OBR8,,,
826,How To Get Over A Lonely Porn Addiction,Triggers / Coping,English,Video,https://www.youtube.com/watch?v=YEEhx6OJRgk,YEEhx6OJRgk,,,
827,No Nut November - The Challenge Explained,No Nut November,English,Short,https://www.youtube.com/shorts/lFyL1bxoEzk,lFyL1bxoEzk,,,
828,No Nut November Challenge (playlist),No Nut November,English,Playlist,https://www.youtube.com/playlist?list=PLHA6Tu9j1A1QfQgR670mldR8ix5fcCp6r,PLHA6Tu9j1A1QfQgR670mldR8ix5fcCp6r,,,
829,No Nut November (Accept the Challenge) Explained by Dr Anurag Prasad,No Nut November,English,Video,https://www.youtube.com/watch?v=15xNH7L4P8Y,15xNH7L4P8Y,,,
830,NoNutNovember - All Rules Explained - FULL guide,No Nut November,English,Video,https://www.youtube.com/watch?v=_lM2fb19NGY,_lM2fb19NGY,,,
831,No Nut November - The Truth Behind The Viral Challenge,No Nut November,English,Video,https://www.youtube.com/watch?v=DlqxRJoiDYE,DlqxRJoiDYE,,,
832,No Nut November Explained,No Nut November,English,Video,https://www.youtube.com/watch?v=RbRXLlJn0_g,RbRXLlJn0_g,,,
833,Watch This If You're Struggling with NNN (No Nut November),No Nut November,English,Video,https://www.youtube.com/watch?v=MwCfSmr505U,MwCfSmr505U,,,
834,How to Survive No Nut November [ULTIMATE Guide to NoFap],No Nut November,English,Video,https://www.youtube.com/watch?v=wNGIidQXgxA,wNGIidQXgxA,,,
835,What Really Happens After 30 Days of No Nut November,No Nut November,English,Video,https://www.youtube.com/watch?v=CDeB98AjJY0,CDeB98AjJY0,,,
836,No Nut November Challenge - How to control Ejaculation - Ajay Davidson,No Nut November,English,Video,https://www.youtube.com/watch?v=tZxYClg1WE4,tZxYClg1WE4,,,
837,Former Porn Performer Exposes the Industry's Dark Secrets & Sex Trafficking Truths,Industry / Exploitation,English,Video,https://www.youtube.com/watch?v=DYmAhLoQnKg,DYmAhLoQnKg,,,
838,The Dark Truth About The Porn Industry - Ex-Porn Performer Speaks Out,Industry / Exploitation,English,Video,https://www.youtube.com/watch?v=D-LTWCGv0h4,D-LTWCGv0h4,,,
839,Here's What Being a Pornstar Really Looks Like - And Why I Left,Industry / Exploitation,English,Video,https://www.youtube.com/watch?v=ZlJcTIKbJhw,ZlJcTIKbJhw,,,
840,Secrets Of The Multi-Billion Dollar Human Trafficking Industry - Sex Slaves,Industry / Exploitation,English,Video,https://www.youtube.com/watch?v=dtT0V7yNgow,dtT0V7yNgow,,,
841,How the Porn Industry is Connected to Sex Trafficking,Industry / Exploitation,English,Video,https://www.youtube.com/watch?v=e3h4nLKszPY,e3h4nLKszPY,,,
842,Real Stories of Sex Trafficking in the Porn Industry,Industry / Exploitation,English,Video,https://www.youtube.com/watch?v=YWo3amjwdXE,YWo3amjwdXE,,,
843,Stopping Traffic - The Movement to End Sex-Trafficking - Full Documentary,Industry / Exploitation,English,Video,https://www.youtube.com/watch?v=_VM4cEQMnco,_VM4cEQMnco,,,
844,Beyond Fantasy Ep 1 - Barely Legal - P*RN INDUSTRY DOCUMENTARY,Industry / Exploitation,English,Video,https://www.youtube.com/watch?v=8d0l9G-KChM,8d0l9G-KChM,,,
845,How Traffickers Use Porn to Groom Victims,Industry / Exploitation,English,Video,https://www.youtube.com/watch?v=eDfhCRwpZyk,eDfhCRwpZyk,,,
846,Dr. Doug Weiss (channel),Dr. Doug Weiss,English,Channel,https://www.youtube.com/c/DrDougWeiss,c/DrDougWeiss,,,
847,The Sex Addiction Cycle (New) - Step-by-step Walkthrough by Dr. Doug Weiss,Dr. Doug Weiss,English,Video,https://www.youtube.com/watch?v=uPwvnuIqZWQ,uPwvnuIqZWQ,,,
848,Sex Addiction 101 with Dr. Robert Weiss,Dr. Doug Weiss,English,Video,https://www.youtube.com/watch?v=OpXDyi1q2Yk,OpXDyi1q2Yk,,,
849,Finding Out About Sex Addiction In Your Marriage Is Devastating - Dr. Doug Weiss,Dr. Doug Weiss,English,Video,https://www.youtube.com/watch?v=LlL2Zh31k4c,LlL2Zh31k4c,,,
850,Sex Addiction - Step Four of the Twelve Steps - Dr. Doug Weiss,Dr. Doug Weiss,English,Video,https://www.youtube.com/watch?v=I4t5dBGKkxE,I4t5dBGKkxE,,,
851,How To Talk To My Spouse About Their Sex Addiction,Dr. Doug Weiss,English,Video,https://www.youtube.com/watch?v=gW1I-XVk6aY,gW1I-XVk6aY,,,
852,Sexless Marriage Reason #2 Sex Addiction - Dr. Doug Weiss,Dr. Doug Weiss,English,Video,https://www.youtube.com/watch?v=uJL6BRd755U,uJL6BRd755U,,,
853,Partners of Sex Addicts - Step Five of the Twelve Steps - Dr. Doug Weiss,Dr. Doug Weiss,English,Video,https://www.youtube.com/watch?v=ANUiflP-s54,ANUiflP-s54,,,
854,Treating Sex Addiction with Dr Doug Weiss,Dr. Doug Weiss,English,Video,https://www.youtube.com/watch?v=cscQmloA1-c,cscQmloA1-c,,,
855,How to Help a Friend with Addiction,Helping Someone Else,English,Video,https://www.youtube.com/watch?v=vc1hpCzDoy0,vc1hpCzDoy0,,,
856,20 Truths that Help in the Battle with Porn Addiction (playlist),Helping Someone Else,English,Playlist,https://www.youtube.com/playlist?list=PLfTkJo2qb1jVRhcXEjXfKRS-wNPihq5SC,PLfTkJo2qb1jVRhcXEjXfKRS-wNPihq5SC,,,
857,How to Help a Friend Struggling with Porn Addiction,Helping Someone Else,English,Video,https://www.youtube.com/watch?v=oolC5AR3ww0,oolC5AR3ww0,,,
858,Your Husband Has a Porn Addiction - Family Betrayal,Helping Someone Else,English,Video,https://www.youtube.com/watch?v=nhrFVOZL4Fk,nhrFVOZL4Fk,,,
859,No Big Surprise - Young Men No Longer Having Sex Due To Porn Addiction,Gen Z / Statistics,English,Video,https://www.youtube.com/watch?v=GVws4_gAE-c,GVws4_gAE-c,,,
860,The Go0ner Crisis That Is Destroying Men,Gen Z / Statistics,English,Video,https://www.youtube.com/watch?v=O_Kut8Bh5zU,O_Kut8Bh5zU,,,
861,What Gooning Does To Your Brain - The Science of Porn Addiction and Dopamine Hijack,Gooning / Brain Rot,English,Video,https://www.youtube.com/watch?v=fuwnbsHV5-g,fuwnbsHV5-g,,,
862,How Long Does Dopamine Take to Recover After Gooning? (Real Timeline),Gooning / Brain Rot,English,Video,https://www.youtube.com/watch?v=ln6o1zI1ECg,ln6o1zI1ECg,,,
863,How Gooning Affects Your Brain,Gooning / Brain Rot,English,Video,https://www.youtube.com/watch?v=yv--NKD8fRs,yv--NKD8fRs,,,
864,How GOONING Rewires Your Brain,Gooning / Brain Rot,English,Short,https://www.youtube.com/shorts/LxaxxkCcDnY,LxaxxkCcDnY,,,
865,What Does Gooning Do To Your Brain?,Gooning / Brain Rot,English,Video,https://www.youtube.com/watch?v=ycft2j9dcz8,ycft2j9dcz8,,,
866,The Dark Truth Of Social Media - Brain Rot,Gooning / Brain Rot,English,Video,https://www.youtube.com/watch?v=FYvTNBB5bJA,FYvTNBB5bJA,,,
867,7 Dopamine Habits That Saved Me From Brain Rot,Gooning / Brain Rot,English,Video,https://www.youtube.com/watch?v=DsJ5DR74mo4,DsJ5DR74mo4,,,
868,Your Brain Was Built for Greatness (Dopamine Detox Explained),Gooning / Brain Rot,English,Video,https://www.youtube.com/watch?v=9sEgo-nvYRw,9sEgo-nvYRw,,,
869,Watch This Before Dopamine Destroys Your Brain,Gooning / Brain Rot,English,Video,https://www.youtube.com/watch?v=kI-voefvcyY,kI-voefvcyY,,,
870,6 Dopamine Habits That Pulled Me Out of Brain Rot,Gooning / Brain Rot,English,Video,https://www.youtube.com/watch?v=-euctgSuUzM,-euctgSuUzM,,,
871,Transformation Church - Beneath The Surface - Addiction - Jonathan Hetterly,Faith - Christian,English,Video,https://www.youtube.com/watch?v=MP1qSmkwt-4,MP1qSmkwt-4,,,
872,Lets Talk About Sex & Porn Addiction In The Church (Christian Podcast / Sermon),Faith - Christian,English,Video,https://www.youtube.com/watch?v=CyD5H10lAeM,CyD5H10lAeM,,,
873,The Compromise of Pornography - How to Quit Porn,Faith - Christian,English,Video,https://www.youtube.com/watch?v=ewJ2ek5qj50,ewJ2ek5qj50,,,
874,GRACE WASN'T MEANT FOR YOUR PORN ADDICTION,Faith - Christian,English,Short,https://www.youtube.com/shorts/sqT-uljjL18,sqT-uljjL18,,,
875,Why treating porn as an addiction misses the mark - how the LDS Church improved its messaging,Faith - LDS,English,Video,https://www.youtube.com/watch?v=fb8q9RSejs8,fb8q9RSejs8,,,
876,Transformation Church (channel),Faith - Christian,English,Channel,https://www.youtube.com/channel/UCYv-siSKd3Gn9IsliO95gIw,channel/UCYv-siSKd3Gn9IsliO95gIw,,,
877,Elevation Church (channel),Faith - Christian,English,Channel,https://www.youtube.com/channel/UCIQqvZbHSwX0yKNVK1MyYjQ,channel/UCIQqvZbHSwX0yKNVK1MyYjQ,,,
878,Your Porn Battle Plan - Warrior,Faith - Christian,English,Video,https://www.youtube.com/watch?v=UEBKwpmKoG0,UEBKwpmKoG0,,,
879,Full Guide on Quitting Porn (1+ Hour),Beginner Guides,English,Video,https://www.youtube.com/watch?v=3FNjwOXZD-k,3FNjwOXZD-k,,,
880,The worst porn-quitting advice on reddit (Plus 90 day streaks & flatline),Beginner Guides,English,Video,https://www.youtube.com/watch?v=s_GRPP_gx58,s_GRPP_gx58,,,
881,A Step By Step Roadmap To Quit Porn in Just 1 Week,Beginner Guides,English,Video,https://www.youtube.com/watch?v=UoBUx9YdTsU,UoBUx9YdTsU,,,
882,Quit Porn (Step by Step Guide),Beginner Guides,English,Video,https://www.youtube.com/watch?v=M9HWZI9Y9EI,M9HWZI9Y9EI,,,
883,The Easy Peasy Way to Quit Pornography,Beginner Guides,English,Video,https://www.youtube.com/watch?v=27H4-pN8e9o,27H4-pN8e9o,,,
884,THE ULTIMATE GUIDE TO QUITTING P*RN in 2024 - PART 1,Beginner Guides,English,Video,https://www.youtube.com/watch?v=hnSeigPuEQY,hnSeigPuEQY,,,
885,You CAN Quit Porn. Here's How.,Beginner Guides,English,Video,https://www.youtube.com/watch?v=2S9ffunULTM,2S9ffunULTM,,,
886,Porn Recovery Timeline - What Happens to Your Brain in the First 30 Days - Dr. Trish Leigh,Beginner Guides,English,Video,https://www.youtube.com/watch?v=rHdSsdVg4ic,rHdSsdVg4ic,,,
887,Porn Addiction Interviews (playlist),Interviews / Street,English,Playlist,https://www.youtube.com/playlist?list=PLAQri18RcEpSaCrd19JSAi_T6ZKmP_8e5,PLAQri18RcEpSaCrd19JSAi_T6ZKmP_8e5,,,
888,Street Interview - Consequences of Addiction,Interviews / Street,English,Video,https://www.youtube.com/watch?v=oD-VFu4dryA,oD-VFu4dryA,,,
889,Tammy Franklin's Reaction To Kirk Franklin's Addiction To Pornography - Uncensored,Interviews / Street,English,Video,https://www.youtube.com/watch?v=Wsr9ZrKDRxo,Wsr9ZrKDRxo,,,
890,Porn Addict interview - Gerard (Soft White Underbelly),Interviews / Street,English,Video,https://www.youtube.com/watch?v=rv6zS4peHIc,rv6zS4peHIc,,,
891,When A Former Porn Star Interviews A Former Porn Addict,Interviews / Street,English,Video,https://www.youtube.com/watch?v=OVq5NSfrgAQ,OVq5NSfrgAQ,,,
892,Street interview - Ladies Said They're Allowed To Have Fun Despite Their Addiction,Interviews / Street,English,Video,https://www.youtube.com/watch?v=ij40ZXi4_bo,ij40ZXi4_bo,,,
893,Interview with a Mindful Porn Addict,Interviews / Street,English,Video,https://www.youtube.com/watch?v=NYO91h5Tg0A,NYO91h5Tg0A,,,
894,Understanding Porn Addiction & How to Escape it,Interviews / Street,English,Video,https://www.youtube.com/watch?v=aI2NkSvSx64,aI2NkSvSx64,,,
895,Experts Tackle Increasing Revenge P*rn In Nigeria,Africa,English,Video,https://www.youtube.com/watch?v=2h0Jnx3Bp4Y,2h0Jnx3Bp4Y,,,
896,Porn Addiction is Not About Sex (How to Break Free) - Pastor Dolapo Lawal,Africa,English,Video,https://www.youtube.com/watch?v=y1wiompn8ao,y1wiompn8ao,,,
897,I Battled Porn Addiction - Pastor Isaac Oyedepo Opens Up,Africa,English,Video,https://www.youtube.com/watch?v=dkeTuQEND_8,dkeTuQEND_8,,,
898,YOUNG PASTOR ADDICTED TO SEEING NAKED WOMEN,Africa,English,Video,https://www.youtube.com/watch?v=wbvWzgvxVow,wbvWzgvxVow,,,
899,Ghana to introduce mandatory ID checks for pornographic websites - Sam George,Africa,English,Video,https://www.youtube.com/watch?v=7ByxQ4hAbDo,7ByxQ4hAbDo,,,
900,Ruth Institute (channel),Advocacy / Public Health,English,Channel,https://www.youtube.com/@RuthInstitute,@RuthInstitute,,,
901,Culture Reframed (channel),Advocacy / Public Health,English,Channel,https://www.youtube.com/c/culturereframedorg,c/culturereframedorg,,,
902,What You Need to Know About Kids and Porn - Culture Reframed,Advocacy / Public Health,English,Video,https://www.youtube.com/watch?v=nSWtL8Ng_uU,nSWtL8Ng_uU,,,
903,CULTURE REFRAMED and Dr. Bethany Mohr,Advocacy / Public Health,English,Short,https://www.youtube.com/shorts/xQPMCqbTT9E,xQPMCqbTT9E,,,
904,Dr. Gail Dines explains how the porn industry shapes sexual templates,Advocacy / Public Health,English,Video,https://www.youtube.com/watch?v=ppyGjZlAkvI,ppyGjZlAkvI,,,
905,Introducing Culture Reframed's Porn-Critical Sex Education,Advocacy / Public Health,English,Video,https://www.youtube.com/watch?v=mOpNmtgAzCs,mOpNmtgAzCs,,,
906,Defend Dignity - Porn as a Public Health Crisis,Advocacy / Public Health,English,Video,https://www.youtube.com/watch?v=SfwKXRjxsBQ,SfwKXRjxsBQ,,,
907,Ep. 37 Porn Culture - Gail Dines Founder of Culture Reframed & Robert Rabbin,Advocacy / Public Health,English,Video,https://www.youtube.com/watch?v=T9PuxFaJv6U,T9PuxFaJv6U,,,
908,Sex Addict interview - Diamond (Soft White Underbelly),Interviews / Street,English,Video,https://www.youtube.com/watch?v=E6w1ZhKv2SA,E6w1ZhKv2SA,,,
909,Soft White Underbelly (channel),Interviews / Street,English,Channel,https://www.youtube.com/@SoftWhiteUnderbelly,@SoftWhiteUnderbelly,,,
910,"The Royalty Interview - Prostitution, Soft White Underbelly, Meth Addiction & More",Interviews / Street,English,Video,https://www.youtube.com/watch?v=PVcBMLPUyDg,PVcBMLPUyDg,,,
911,Sex Addict interview - Drew (Soft White Underbelly),Interviews / Street,English,Video,https://www.youtube.com/watch?v=8ILMfFDbHQQ,8ILMfFDbHQQ,,,
912,Porn Actress interview - Maddy (Soft White Underbelly),Industry / Exploitation,English,Video,https://www.youtube.com/watch?v=vl6zFq50BLw,vl6zFq50BLw,,,
913,Nymphomaniac interview - Jessica (Soft White Underbelly),Interviews / Street,English,Video,https://www.youtube.com/watch?v=UlDpksOEVzQ,UlDpksOEVzQ,,,
914,Porn Actress interview - Addison (Soft White Underbelly),Industry / Exploitation,English,Video,https://www.youtube.com/watch?v=vsH4LZq6FAo,vsH4LZq6FAo,,,
915,Trafficked Into P*rn - Andria (Soft White Underbelly),Industry / Exploitation,English,Video,https://www.youtube.com/watch?v=u-Ph7RtWFg4,u-Ph7RtWFg4,,,
916,The Freedom Fight (channel),Coaches / Programs,English,Channel,https://www.youtube.com/channel/UCmvjd5sYx0cHu-2gDhK1Wqw,channel/UCmvjd5sYx0cHu-2gDhK1Wqw,,,
917,Freedom Coaching (channel),Coaches / Programs,English,Channel,https://www.youtube.com/channel/UCQiwMQLHd9OW8neheSLw1aQ,channel/UCQiwMQLHd9OW8neheSLw1aQ,,,
918,This P*rn Recovery Coach Is Unironically EVIL,Coaches / Programs,English,Video,https://www.youtube.com/watch?v=pSJpLJEPvyM,pSJpLJEPvyM,,,
919,The Freedom Model Porn Addiction Analysis,Coaches / Programs,English,Video,https://www.youtube.com/watch?v=E6vS-NIAdXY,E6vS-NIAdXY,,,
920,Freedom Coaching LLC (channel),Coaches / Programs,English,Channel,https://www.youtube.com/@freedomcoachingllc,@freedomcoachingllc,,,
921,"Overcoming Sexual Addiction, Porn, Masturbation, and Intimacy Anorexia",Intimacy Anorexia / Attachment,English,Video,https://www.youtube.com/watch?v=ILzcYV8v2bE,ILzcYV8v2bE,,,
922,Why Avoidant Men Choose Porn Over Intimacy (And How to Help),Intimacy Anorexia / Attachment,English,Video,https://www.youtube.com/watch?v=BtZDVZ2K2-o,BtZDVZ2K2-o,,,
923,Sexual Addiction & Intimacy Anorexia Success Story - Heart to Heart Counseling Center,Intimacy Anorexia / Attachment,English,Video,https://www.youtube.com/watch?v=65G5KLssZhQ,65G5KLssZhQ,,,
924,Intimacy Anorexia Episode One - Daystar with Dr. Doug Weiss,Intimacy Anorexia / Attachment,English,Video,https://www.youtube.com/watch?v=SK_oiPapUxI,SK_oiPapUxI,,,
925,Conquering the Porn Habit - Motivation to Quit,Motivation,English,Short,https://www.youtube.com/shorts/NFTMwc7K2eU,NFTMwc7K2eU,,,
926,Quit Po*n Addiction - How To Quit Po*n Addiction - Motivational Wings,Motivation,English,Video,https://www.youtube.com/watch?v=JCz14iQtsUM,JCz14iQtsUM,,,
927,Remove HOPE & QUIT PORN FOR GOOD - NoFap Motivation,Motivation,English,Video,https://www.youtube.com/watch?v=xWNeDKUQGJ8,xWNeDKUQGJ8,,,
928,This Video Alone Will Make You Quit P*RN (or any addiction),Motivation,English,Video,https://www.youtube.com/watch?v=zej6OxWhSKM,zej6OxWhSKM,,,
929,Motivation To Quit PO*N - The Great PO*N Experiment,Motivation,English,Video,https://www.youtube.com/watch?v=paR7UOWnpWY,paR7UOWnpWY,,,
930,"Dr Patrick Carnes, father of sex addiction, speaks",Patrick Carnes / IITAP,English,Video,https://www.youtube.com/watch?v=NygPH1X8nV4,NygPH1X8nV4,,,
931,Beyond Theory Podcast S4 E20 - Patrick Carnes on Sex Addiction,Patrick Carnes / IITAP,English,Video,https://www.youtube.com/watch?v=lh_B70Ch734,lh_B70Ch734,,,
932,Dr. Patrick Carnes Official YouTube Channel,Patrick Carnes / IITAP,English,Channel,https://www.youtube.com/channel/UCRv-kobZ9iTM8lLbKsOlLmQ,channel/UCRv-kobZ9iTM8lLbKsOlLmQ,,,
933,Dr. Patrick Carnes on Sex Addiction (playlist),Patrick Carnes / IITAP,English,Playlist,https://www.youtube.com/playlist?list=PL83V2ThXNSlQeYbdWG1EkSy9q-jEKZLiC,PL83V2ThXNSlQeYbdWG1EkSy9q-jEKZLiC,,,
934,Dr. Patrick Carnes - Internet's Role in the Spread of Sex Addiction,Patrick Carnes / IITAP,English,Video,https://www.youtube.com/watch?v=ZkVplYJdSsU,ZkVplYJdSsU,,,
935,"Patrick Carnes - Sexual Addiction in 2018 Causes, Trends & Solutions",Patrick Carnes / IITAP,English,Video,https://www.youtube.com/watch?v=rkYbpAl4hjI,rkYbpAl4hjI,,,
936,"Dr Patrick Carnes, Leading Sex Addiction Expert, Video Interview",Patrick Carnes / IITAP,English,Video,https://www.youtube.com/watch?v=IBBmkl7zApo,IBBmkl7zApo,,,
937,Dr. Patrick Carnes - What are the Causes of Addiction?,Patrick Carnes / IITAP,English,Video,https://www.youtube.com/watch?v=YljyFxz2vSA,YljyFxz2vSA,,,
938,Dr. Patrick Carnes - Chemical Addiction vs. Process/Behavioral Addiction,Patrick Carnes / IITAP,English,Video,https://www.youtube.com/watch?v=0mbbcPO8_h8,0mbbcPO8_h8,,,
939,Gentle Path - Patrick Carnes explaining controversy about Sex Addiction,Patrick Carnes / IITAP,English,Video,https://www.youtube.com/watch?v=EtBdSr-gkY0,EtBdSr-gkY0,,,
940,How to Help Teens Overcome Pornography Addiction - Proven Support Program,Teens / Parents,English,Video,https://www.youtube.com/watch?v=OQg9r6bd-xU,OQg9r6bd-xU,,,
941,5 Tips for Talking to Teens About Pornography,Teens / Parents,English,Video,https://www.youtube.com/watch?v=rx-_BvkrvMQ,rx-_BvkrvMQ,,,
942,Teenage Porn Addiction (playlist),Teens / Parents,English,Playlist,https://www.youtube.com/playlist?list=PLxQLKXsniImHMxUPnG4gwiQvsgMQVxaAX,PLxQLKXsniImHMxUPnG4gwiQvsgMQVxaAX,,,
943,How to talk to your teenagers about pornography - Mayo Clinic Radio,Teens / Parents,English,Video,https://www.youtube.com/watch?v=XmG0jfn8f9s,XmG0jfn8f9s,,,
944,Here's How to Talk to Your Teens about Porn,Teens / Parents,English,Video,https://www.youtube.com/watch?v=b2fQLxeuldM,b2fQLxeuldM,,,
945,Recovering porn addict starts Upstate support group,Support Groups / Community,English,Video,https://www.youtube.com/watch?v=CnkcyElyX1w,CnkcyElyX1w,,,
946,How to Build a Support Network for Addiction Recovery,Support Groups / Community,English,Video,https://www.youtube.com/watch?v=mKS8f5PRlOQ,mKS8f5PRlOQ,,,
947,Yellow Dove - Dear Porn ft. Rev Panji Chipeta (Official Music Video),Support Groups / Community,English,Video,https://www.youtube.com/watch?v=2l_7kbueMpc,2l_7kbueMpc,,,
948,Overcoming Emotional Challenges in Porn Addiction Recovery,Support Groups / Community,English,Video,https://www.youtube.com/watch?v=8jhz87dHH-Q,8jhz87dHH-Q,,,
949,STOP Enabling Your Addiction and Try This Instead,Support Groups / Community,English,Video,https://www.youtube.com/watch?v=oApmSfinVgM,oApmSfinVgM,,,
950,The Hidden Dangers of Porn Addiction - Overcome the Cycle - Dr Hansaji Yogendra,Dating / Confidence,English,Video,https://www.youtube.com/watch?v=GHPZfazu-HY,GHPZfazu-HY,,,
951,How Porn Addiction Destroys Your Dating Life,Dating / Confidence,English,Video,https://www.youtube.com/watch?v=Kxljw1hlWX0,Kxljw1hlWX0,,,
952,Pornography Addiction and Dating,Dating / Confidence,English,Video,https://www.youtube.com/watch?v=vQPqwcx8S3M,vQPqwcx8S3M,,,
953,Ran Gavrieli's Testimony - Why I stopped watching porn,Advocacy / Public Health,English,Video,https://www.youtube.com/watch?v=0HKK1dmeZ-E,0HKK1dmeZ-E,,,
954,The Truth About P*rn (ft. Gail Dines),Advocacy / Public Health,English,Video,https://www.youtube.com/watch?v=JIEmlVw96Xo,JIEmlVw96Xo,,,
955,"Gail Dines, Ph.D. Interview - Truth About Porn",Advocacy / Public Health,English,Video,https://www.youtube.com/watch?v=qGb_h-d1b9A,qGb_h-d1b9A,,,
956,Dr. Gail Dines Explores How Hypersexualized Media Legitimizes Prostitution,Advocacy / Public Health,English,Video,https://www.youtube.com/watch?v=XW2OOXMufkQ,XW2OOXMufkQ,,,
957,Why I stopped watching porn - Ran Gavrieli at TEDxJaffa 2013,Advocacy / Public Health,English,Video,https://www.youtube.com/watch?v=1Ip0_bhb300,1Ip0_bhb300,,,
958,Dr. Gail Dines - Nova Scotia Women's Summit,Advocacy / Public Health,English,Video,https://www.youtube.com/watch?v=-Z5iANEfQUU,-Z5iANEfQUU,,,
959,Dr. Gail Dines videos (playlist),Advocacy / Public Health,English,Playlist,https://www.youtube.com/playlist?list=PLT15KY_XU0A_D2l5Z4GjExfw7GZpWTij_,PLT15KY_XU0A_D2l5Z4GjExfw7GZpWTij_,,,
960,Gail Dines Explains the Industry - PORN & How Toxic It Is To Our Culture,Advocacy / Public Health,English,Video,https://www.youtube.com/watch?v=1KnqsQLALsU,1KnqsQLALsU,,,
961,Growing Up in a Pornified Culture - Gail Dines - TEDxNavesink,TED / TEDx,English,Video,https://www.youtube.com/watch?v=_YpHNImNsx8,_YpHNImNsx8,,,
962,Pharmastan - How to break free from porn addiction?,Arabic,Arabic,Video,https://www.youtube.com/watch?v=792_AtuCoTQ,792_AtuCoTQ,,,
963,حصة علاج إدمان الإباحية التي لن تحتاج غيرها,Arabic,Arabic,Video,https://www.youtube.com/watch?v=X6ncck5lwuA,X6ncck5lwuA,,,
964,"Quitting Porn - A Journey, Not Just a Resolution w/ Dr. Trish Leigh",New Year / Goals,English,Video,https://www.youtube.com/watch?v=68QN0EOfDiE,68QN0EOfDiE,,,
965,10 Tips To Quit Porn & Make 2026 The BEST YEAR Of Your Life,New Year / Goals,English,Video,https://www.youtube.com/watch?v=TbyMpGuk0Vc,TbyMpGuk0Vc,,,
966,How to Quit Porn in 2026 (A Therapist's 5-Step Plan),New Year / Goals,English,Video,https://www.youtube.com/watch?v=iCv82l58lNU,iCv82l58lNU,,,
967,Don't Quit Porn in 2026 - Here's Why 2027 Actually Works,New Year / Goals,English,Video,https://www.youtube.com/watch?v=kNBR7CaI8vo,kNBR7CaI8vo,,,
968,26 Reasons to Quit Porn in 2026,New Year / Goals,English,Video,https://www.youtube.com/watch?v=aB8IW-wzXc8,aB8IW-wzXc8,,,
969,5 Habits to Quit & 5 Habits to Start in 2026,New Year / Goals,English,Video,https://www.youtube.com/watch?v=Jlo0R8RMebY,Jlo0R8RMebY,,,
970,Why You WON'T Quit Porn in 2026,New Year / Goals,English,Video,https://www.youtube.com/watch?v=kFoyHe_nXV0,kFoyHe_nXV0,,,
971,10 HABITS TO START BEFORE 2026 - NEW YEARS RESOLUTIONS,New Year / Goals,English,Video,https://www.youtube.com/watch?v=4YSCwumK68Y,4YSCwumK68Y,,,
972,Mental health and Pakistan - Porn Addiction - Why Sex Education is Important,Urdu / Pakistan,Urdu,Video,https://www.youtube.com/watch?v=V62N53yeKmY,V62N53yeKmY,,,
973,Boost Your Self-control - Tips To Overcome Porn Addiction In Urdu,Urdu / Pakistan,Urdu,Video,https://www.youtube.com/watch?v=qmBUoWIQydM,qmBUoWIQydM,,,
974,Pornography Masturbation Side Effects in Urdu/Hindi - Porn Dekhnay Ke Nuqsanat,Urdu / Pakistan,Urdu / Hindi,Video,https://www.youtube.com/watch?v=Tu52a5Ia3gE,Tu52a5Ia3gE,,,
975,Sex Addiction Treatment Ilaj Tips - What Is Sex Addiction Kya Hai Urdu Hindi,Urdu / Pakistan,Urdu / Hindi,Video,https://www.youtube.com/watch?v=SM5x77o3c9A,SM5x77o3c9A,,,
976,How to quit pornography - Porn Addiction Ep. 1 - Urdu/Hindi,Urdu / Pakistan,Urdu / Hindi,Video,https://www.youtube.com/watch?v=01Me5M-dHa4,01Me5M-dHa4,,,
977,Pornography Masturbation Side Effects in Urdu/Hindi SM1,Urdu / Pakistan,Urdu / Hindi,Video,https://www.youtube.com/watch?v=9X0n5luBOnc,9X0n5luBOnc,,,
978,"Porn Addiction Urdu Hindi - Symptoms, Treatment, Problems",Urdu / Pakistan,Urdu / Hindi,Video,https://www.youtube.com/watch?v=7AN_Q5OGtsA,7AN_Q5OGtsA,,,
979,Dil Se Ramadhan S2 Day 09 - Porn Addiction - Dr Maasid Siddiq Ganai Al Qassimi,Urdu / Pakistan,Urdu,Video,https://www.youtube.com/watch?v=4B_h-ql870k,4B_h-ql870k,,,
980,Side Effects of Pornography - Full Explained In Urdu-Hindi,Urdu / Pakistan,Urdu / Hindi,Video,https://www.youtube.com/watch?v=lWbSkdA-1vI,lWbSkdA-1vI,,,
981,Is Porn Addiction Curable - MA Podcast Season 2 Episode 95 Feat. Amanullah Tariq,Podcasts / Long-Form,English,Video,https://www.youtube.com/watch?v=9U_EqMLImD8,9U_EqMLImD8,,,
982,EP.178 Addiction Series w/ Guest Aaron Zint - How P*rn Hijacks a Man's Brain,Podcasts / Long-Form,English,Video,https://www.youtube.com/watch?v=NQS6VQV8dzQ,NQS6VQV8dzQ,,,
983,Breaking Free at 32 - Recovery from Porn & Alcohol Addiction - Man to Man,Podcasts / Long-Form,English,Video,https://www.youtube.com/watch?v=cLOOwWnnMIU,cLOOwWnnMIU,,,
984,Unhooked - Breaking Porn Addiction Podcast (playlist),Podcasts / Long-Form,English,Playlist,https://www.youtube.com/playlist?list=PL-bdQfwz2imRezP6YmUnNWKWUy8yEmcMw,PL-bdQfwz2imRezP6YmUnNWKWUy8yEmcMw,,,
985,Addicted to Recovery Podcast (channel),Podcasts / Long-Form,English,Channel,https://www.youtube.com/@AddictedToRecoveryPodcast,@AddictedToRecoveryPodcast,,,
986,How We Beat Our Addiction to Porn - Christian Huff & Steve,Podcasts / Long-Form,English,Video,https://www.youtube.com/watch?v=59erH79_nNY,59erH79_nNY,,,
987,P2P Podcast EP 125 - What Porn Addiction Is Really Costing You,Podcasts / Long-Form,English,Video,https://www.youtube.com/watch?v=XLNqZIUqfEo,XLNqZIUqfEo,,,
988,How to Quit Porn Addiction? Control Your 5 Senses & Take Back Your Mind,General / Overview,English,Short,https://www.youtube.com/shorts/imcNFo-h--Q,imcNFo-h--Q,,,
989,Pornography ඇබ්බැහියෙන් මිදෙන්නේ කොහොමද - How to Quit Porn Addiction (Sinhala),Other Languages,Sinhala,Video,https://www.youtube.com/watch?v=fosCTuImlGA,fosCTuImlGA,,,
990,Break Free Porn Addiction (playlist),General / Overview,English,Playlist,https://www.youtube.com/playlist?list=PLqW69KdNDKiRAu5HaIXrgADfJ_lRa_QDP,PLqW69KdNDKiRAu5HaIXrgADfJ_lRa_QDP,,,
991,You Will NEVER Watch P*RN Again,General / Overview,English,Video,https://www.youtube.com/watch?v=OuByQWowjKA,OuByQWowjKA,,,
992,Why You Keep Relapsing to Porn,Relapse Prevention,English,Short,https://www.youtube.com/shorts/bSZYK9eq9o0,bSZYK9eq9o0,,,
993,Quit Porn - How to Stop Relapsing in Brief,Relapse Prevention,English,Video,https://www.youtube.com/watch?v=Q_L1bzBzF9o,Q_L1bzBzF9o,,,
994,Why You Keep Relapsing - The Addiction Cycle Explained,Relapse Prevention,English,Video,https://www.youtube.com/watch?v=FL_f_Bxoopw,FL_f_Bxoopw,,,
995,What to Do the SECOND After You've RELAPSED into PORN,Relapse Prevention,English,Video,https://www.youtube.com/watch?v=bXc5KsBPRvs,bXc5KsBPRvs,,,
996,This Is Why You Keep RELAPSING On Porn & Masturbation,Relapse Prevention,English,Video,https://www.youtube.com/watch?v=XeGz8KMuPIk,XeGz8KMuPIk,,,
997,How to Identify Porn Triggers & Stop Relapsing - Rewire Your Brain for Real Change,Relapse Prevention,English,Video,https://www.youtube.com/watch?v=lsQkHdoGYEQ,lsQkHdoGYEQ,,,
998,4 Years on NoFap - Why You Keep Relapsing,Relapse Prevention,English,Video,https://www.youtube.com/watch?v=Vz5RFp5tKuc,Vz5RFp5tKuc,,,
999,The Real Reason Why People Relapse (it's Not What You Think),Relapse Prevention,English,Video,https://www.youtube.com/watch?v=OjgIXhuyxyg,OjgIXhuyxyg,,,
1000,Why Do I Keep Going Back to Porn Even When I Want to Stop?,Relapse Prevention,English,Video,https://www.youtube.com/watch?v=V5jMVFc6pYI,V5jMVFc6pYI,,,
1001,Why Are There So Many Hungarian Porn Stars?,Industry / Exploitation,English,Video,https://www.youtube.com/watch?v=HIspRtUl7EQ,HIspRtUl7EQ,,,
1002,Explaining why there are so many Porn stars in Eastern Europe,Industry / Exploitation,English,Video,https://www.youtube.com/watch?v=nAgT6mWBb3I,nAgT6mWBb3I,,,
1003,Inside Prague's hidden porn industry,Industry / Exploitation,English,Video,https://www.youtube.com/watch?v=WO9beqZAUQs,WO9beqZAUQs,,,
1004,What Is Porn Addiction? BlockP,General / Overview,English,Video,https://www.youtube.com/watch?v=G8ywHlk5rNc,G8ywHlk5rNc,,,
1005,When does watching porn become an addiction?,General / Overview,English,Video,https://www.youtube.com/watch?v=8QSf9ux6hAA,8QSf9ux6hAA,,,
1006,The Hidden Roots of Porn Addiction,General / Overview,English,Video,https://www.youtube.com/watch?v=zke9BSap7Tk,zke9BSap7Tk,,,
1007,Freedom from Unwanted Sexual Behavior - Jay Stringer,Jay Stringer / Unwanted,English,Video,https://www.youtube.com/watch?v=Xc6jVSF-TgQ,Xc6jVSF-TgQ,,,
1008,Understanding Our Unwanted Behaviors w/ Jay Stringer,Jay Stringer / Unwanted,English,Video,https://www.youtube.com/watch?v=qA8avj36wA0,qA8avj36wA0,,,
1009,Unwanted - Interview With Jay Stringer,Jay Stringer / Unwanted,English,Video,https://www.youtube.com/watch?v=1wG9_FdgzJ8,1wG9_FdgzJ8,,,
1010,Confronting Unwanted Sexual Behavior - The Spiritually Healthy Leader Pt. 3 - Jay Stringer,Jay Stringer / Unwanted,English,Video,https://www.youtube.com/watch?v=BZNCUDJlkQY,BZNCUDJlkQY,,,
1011,"Sexual Abuse, Sexual Brokenness, and the Gospel - Jay Stringer",Jay Stringer / Unwanted,English,Video,https://www.youtube.com/watch?v=N3qa_hHWF9o,N3qa_hHWF9o,,,
1012,Unwanted - How Sexual Brokenness Reveals Our Way - Audiobook preview,Jay Stringer / Unwanted,English,Video,https://www.youtube.com/watch?v=rMEhGsCRqIc,rMEhGsCRqIc,,,
1013,"Live with Jay Stringer, LMHC, Author of Unwanted",Jay Stringer / Unwanted,English,Video,https://www.youtube.com/watch?v=dJ7rq8jcP0k,dJ7rq8jcP0k,,,
1014,Unwanted - Discovering our Route to Sexual Healing ft. Jay Stringer - Episode 167,Jay Stringer / Unwanted,English,Video,https://www.youtube.com/watch?v=QWpfqtr7PK4,QWpfqtr7PK4,,,
1015,Unwanted - Healing the Roots of Sexual Sin with Jay Stringer,Jay Stringer / Unwanted,English,Video,https://www.youtube.com/watch?v=7LGc0UwEMTc,7LGc0UwEMTc,,,
1016,Unwanted by Jay Stringer - Does Sexual Brokenness Reveal Your Way to Healing?,Jay Stringer / Unwanted,English,Video,https://www.youtube.com/watch?v=qAmiUSV-bA0,qAmiUSV-bA0,,,
